HAPLOTYPE_CALL,PREFIX,TYPE,allele,allele_idp
A001.01,Mamu,MHC_A_HAPLOTYPES,A1_001,A1_001_05_01_01
A001.01,Mamu,MHC_A_HAPLOTYPES,A1_001,A1_001_01_01_01
A001.01,Mamu,MHC_A_HAPLOTYPES,A1_001,A1_001_01_01_02
A001.01,Mamu,MHC_A_HAPLOTYPES,A1_001,A1_001_02
A001.01,Mamu,MHC_A_HAPLOTYPES,A1_001,A1_001_03
A001.01,Mamu,MHC_A_HAPLOTYPES,A1_001,A1_001_04
A001.01,Mamu,MHC_A_HAPLOTYPES,A1_001,A1_001_06_01_01
A002.01,Mamu,MHC_A_HAPLOTYPES,A1_002_01,A1_002_01_01_01
A002.01,Mamu,MHC_A_HAPLOTYPES,A1_002_01,A1_002_01_01_02
A003.01,Mamu,MHC_A_HAPLOTYPES,A1_003,A1_003_02_01_01
A003.01,Mamu,MHC_A_HAPLOTYPES,A1_003,A1_003_09
A003.01,Mamu,MHC_A_HAPLOTYPES,A1_003,A1_003_18
A003.01,Mamu,MHC_A_HAPLOTYPES,A1_003,A1_003_20_01_01N
A003.01,Mamu,MHC_A_HAPLOTYPES,A1_003,A1_003_01_01
A003.01,Mamu,MHC_A_HAPLOTYPES,A1_003,A1_003_01_03
A003.01,Mamu,MHC_A_HAPLOTYPES,A1_003,A1_003_05_01_01
A003.01,Mamu,MHC_A_HAPLOTYPES,A1_003,A1_003_06_01_01
A003.01,Mamu,MHC_A_HAPLOTYPES,A1_003,A1_003_07_01_01
A003.01,Mamu,MHC_A_HAPLOTYPES,A1_003,A1_003_08
A003.01,Mamu,MHC_A_HAPLOTYPES,A1_003,A1_003_10
A003.01,Mamu,MHC_A_HAPLOTYPES,A1_003,A1_003_12
A003.01,Mamu,MHC_A_HAPLOTYPES,A1_003,A1_003_13
A003.01,Mamu,MHC_A_HAPLOTYPES,A1_003,A1_003_14
A003.01,Mamu,MHC_A_HAPLOTYPES,A1_003,A1_003_16
A003.01,Mamu,MHC_A_HAPLOTYPES,A1_003,A1_003_17
A003.01,Mamu,MHC_A_HAPLOTYPES,A1_003,A1_003_19_01_01
A003.01,Mamu,MHC_A_HAPLOTYPES,A1_003,A1_003_19_01_02
A003.01,Mamu,MHC_A_HAPLOTYPES,A1_003,A1_003_21_01_01N
A003.01,Mamu,MHC_A_HAPLOTYPES,A1_003,A1_003_22_01_01N
A003.01,Mamu,MHC_A_HAPLOTYPES,A1_003,A1_003_03
A003.01,Mamu,MHC_A_HAPLOTYPES,A1_003,A1_003_11
A003.01,Mamu,MHC_A_HAPLOTYPES,A1_003,A1_003_15
A003.01,Mamu,MHC_A_HAPLOTYPES,A1_003,A1_003_04_01_01
A003.01,Mamu,MHC_A_HAPLOTYPES,A1_003,A1_019_04_01
A003.01,Mamu,MHC_A_HAPLOTYPES,A1_003,A1_019_04_02_01
A003.01,Mamu,MHC_A_HAPLOTYPES,A1_003,A1_019_06_01_01
A004.01,Mamu,MHC_A_HAPLOTYPES,A1_004,A1_004_03
A004.01,Mamu,MHC_A_HAPLOTYPES,A1_004,A1_004_04
A004.01,Mamu,MHC_A_HAPLOTYPES,A1_004,A1_004_08
A004.01,Mamu,MHC_A_HAPLOTYPES,A1_004,A1_004_01_01_01
A004.01,Mamu,MHC_A_HAPLOTYPES,A1_004,A1_004_01_01_02
A004.01,Mamu,MHC_A_HAPLOTYPES,A1_004,A1_004_01_02
A004.01,Mamu,MHC_A_HAPLOTYPES,A1_004,A1_004_01_03
A004.01,Mamu,MHC_A_HAPLOTYPES,A1_004,A1_004_02_01
A004.01,Mamu,MHC_A_HAPLOTYPES,A1_004,A1_004_02_02
A004.01,Mamu,MHC_A_HAPLOTYPES,A1_004,A1_004_05
A004.01,Mamu,MHC_A_HAPLOTYPES,A1_004,A1_004_06
A004.01,Mamu,MHC_A_HAPLOTYPES,A1_004,A1_004_07
A006.01,Mamu,MHC_A_HAPLOTYPES,A1_006,A1_006_01
A006.01,Mamu,MHC_A_HAPLOTYPES,A1_006,A1_006_04_01_01
A006.01,Mamu,MHC_A_HAPLOTYPES,A1_006,A1_006_02_01_01
A006.01,Mamu,MHC_A_HAPLOTYPES,A1_006,A1_006_03
A007.01,Mamu,MHC_A_HAPLOTYPES,A1_007,A1_007_04_01_01
A007.01,Mamu,MHC_A_HAPLOTYPES,A1_007,A1_007_05
A007.01,Mamu,MHC_A_HAPLOTYPES,A1_007,A1_007_08_01_01
A007.01,Mamu,MHC_A_HAPLOTYPES,A1_007,A1_007_01_01_01
A007.01,Mamu,MHC_A_HAPLOTYPES,A1_007,A1_007_03
A007.01,Mamu,MHC_A_HAPLOTYPES,A1_007,A1_007_07
A007.01,Mamu,MHC_A_HAPLOTYPES,A1_007,A1_007_02
A007.01,Mamu,MHC_A_HAPLOTYPES,A1_007,A1_007_06
A008.01,Mamu,MHC_A_HAPLOTYPES,A1_008,A1_008_03_01_01
A008.01,Mamu,MHC_A_HAPLOTYPES,A1_008,A1_008_04
A008.01,Mamu,MHC_A_HAPLOTYPES,A1_008,A1_105_01
A008.01,Mamu,MHC_A_HAPLOTYPES,A1_008,A1_008_01_01_01
A008.01,Mamu,MHC_A_HAPLOTYPES,A1_008,A1_008_01_02
A008.01,Mamu,MHC_A_HAPLOTYPES,A1_008,A1_008_01_03
A008.01,Mamu,MHC_A_HAPLOTYPES,A1_008,A1_008_01_04
A008.01,Mamu,MHC_A_HAPLOTYPES,A1_008,A1_008_02
A008.01,Mamu,MHC_A_HAPLOTYPES,A1_008,A1_008_05
A008.01,Mamu,MHC_A_HAPLOTYPES,A1_008,A1_008_06_01_01
A011.01,Mamu,MHC_A_HAPLOTYPES,A1_011,A1_011_01_01_01
A011.01,Mamu,MHC_A_HAPLOTYPES,A1_011,A1_011_02
A011.01,Mamu,MHC_A_HAPLOTYPES,A1_011,A1_011_03_01_01
A011.01,Mamu,MHC_A_HAPLOTYPES,A1_011,A1_011_04_01_01
A012.01,Mamu,MHC_A_HAPLOTYPES,A1_012,A1_012_01_01_01
A012.01,Mamu,MHC_A_HAPLOTYPES,A1_012,A1_012_02
A016.01,Mamu,MHC_A_HAPLOTYPES,A1_016,A1_016_01_01_01
A016.01,Mamu,MHC_A_HAPLOTYPES,A1_016,A1_016_02_01_01
A018.01,Mamu,MHC_A_HAPLOTYPES,A1_018,A1_018_04
A018.01,Mamu,MHC_A_HAPLOTYPES,A1_018,A1_018_08_01_01
A018.01,Mamu,MHC_A_HAPLOTYPES,A1_018,A1_018_13
A018.01,Mamu,MHC_A_HAPLOTYPES,A1_018,A1_018_01_01_01
A018.01,Mamu,MHC_A_HAPLOTYPES,A1_018,A1_018_01_01_02
A018.01,Mamu,MHC_A_HAPLOTYPES,A1_018,A1_018_05_01_01
A018.01,Mamu,MHC_A_HAPLOTYPES,A1_018,A1_018_09
A018.01,Mamu,MHC_A_HAPLOTYPES,A1_018,A1_018_10
A018.01,Mamu,MHC_A_HAPLOTYPES,A1_018,A1_018_02_01_01
A018.01,Mamu,MHC_A_HAPLOTYPES,A1_018,A1_018_02_01_02
A018.01,Mamu,MHC_A_HAPLOTYPES,A1_018,A1_018_02_01_03
A018.01,Mamu,MHC_A_HAPLOTYPES,A1_018,A1_018_02_01_04
A018.01,Mamu,MHC_A_HAPLOTYPES,A1_018,A1_018_07
A018.01,Mamu,MHC_A_HAPLOTYPES,A1_018,A1_018_11
A018.01,Mamu,MHC_A_HAPLOTYPES,A1_018,A1_018_03_01_01
A018.01,Mamu,MHC_A_HAPLOTYPES,A1_018,A1_018_03_01_02
A018.01,Mamu,MHC_A_HAPLOTYPES,A1_018,A1_018_03_01_03
A018.01,Mamu,MHC_A_HAPLOTYPES,A1_018,A1_018_06
A018.01,Mamu,MHC_A_HAPLOTYPES,A1_018,A1_018_12_01_01
A018.02,Mamu,MHC_A_HAPLOTYPES,A1_018,A1_018_04
A018.02,Mamu,MHC_A_HAPLOTYPES,A1_018,A1_018_08_01_01
A018.02,Mamu,MHC_A_HAPLOTYPES,A1_018,A1_018_13
A018.02,Mamu,MHC_A_HAPLOTYPES,A1_018,A1_018_01_01_01
A018.02,Mamu,MHC_A_HAPLOTYPES,A1_018,A1_018_01_01_02
A018.02,Mamu,MHC_A_HAPLOTYPES,A1_018,A1_018_05_01_01
A018.02,Mamu,MHC_A_HAPLOTYPES,A1_018,A1_018_09
A018.02,Mamu,MHC_A_HAPLOTYPES,A1_018,A1_018_10
A018.02,Mamu,MHC_A_HAPLOTYPES,A1_018,A1_018_02_01_01
A018.02,Mamu,MHC_A_HAPLOTYPES,A1_018,A1_018_02_01_02
A018.02,Mamu,MHC_A_HAPLOTYPES,A1_018,A1_018_02_01_03
A018.02,Mamu,MHC_A_HAPLOTYPES,A1_018,A1_018_02_01_04
A018.02,Mamu,MHC_A_HAPLOTYPES,A1_018,A1_018_07
A018.02,Mamu,MHC_A_HAPLOTYPES,A1_018,A1_018_11
A018.02,Mamu,MHC_A_HAPLOTYPES,A1_018,A1_018_03_01_01
A018.02,Mamu,MHC_A_HAPLOTYPES,A1_018,A1_018_03_01_02
A018.02,Mamu,MHC_A_HAPLOTYPES,A1_018,A1_018_03_01_03
A018.02,Mamu,MHC_A_HAPLOTYPES,A1_018,A1_018_06
A018.02,Mamu,MHC_A_HAPLOTYPES,A1_018,A1_018_12_01_01
A018.02,Mamu,MHC_A_HAPLOTYPES,A2_01,A2_01_01
A018.02,Mamu,MHC_A_HAPLOTYPES,A2_01,A2_01_02_01
A018.02,Mamu,MHC_A_HAPLOTYPES,A2_01,A2_01_02_02
A018.02,Mamu,MHC_A_HAPLOTYPES,A2_01,A2_01_03
A018.02,Mamu,MHC_A_HAPLOTYPES,A2_01,A2_01_04
A019.01,Mamu,MHC_A_HAPLOTYPES,A1_019,A1_019_03_01_01
A019.01,Mamu,MHC_A_HAPLOTYPES,A1_019,A1_019_11_01_01
A019.01,Mamu,MHC_A_HAPLOTYPES,A1_019,A1_003_04_01_01
A019.01,Mamu,MHC_A_HAPLOTYPES,A1_019,A1_019_04_01
A019.01,Mamu,MHC_A_HAPLOTYPES,A1_019,A1_019_04_02_01
A019.01,Mamu,MHC_A_HAPLOTYPES,A1_019,A1_019_06_01_01
A019.01,Mamu,MHC_A_HAPLOTYPES,A1_019,A1_019_01_01_01
A019.01,Mamu,MHC_A_HAPLOTYPES,A1_019,A1_019_02_01_01
A019.01,Mamu,MHC_A_HAPLOTYPES,A1_019,A1_019_02_01_02
A019.01,Mamu,MHC_A_HAPLOTYPES,A1_019,A1_019_05_01_01
A019.01,Mamu,MHC_A_HAPLOTYPES,A1_019,A1_019_05_01_02
A019.01,Mamu,MHC_A_HAPLOTYPES,A1_019,A1_019_07
A019.01,Mamu,MHC_A_HAPLOTYPES,A1_019,A1_019_08
A019.01,Mamu,MHC_A_HAPLOTYPES,A1_019,A1_019_09
A019.01,Mamu,MHC_A_HAPLOTYPES,A1_019,A1_019_10
A019.02,Mamu,MHC_A_HAPLOTYPES,A1_019_11,A1_019_11_01_01
A019.02,Mamu,MHC_A_HAPLOTYPES,A1_003,A1_003_02_01_01
A019.02,Mamu,MHC_A_HAPLOTYPES,A1_003,A1_003_09
A019.02,Mamu,MHC_A_HAPLOTYPES,A1_003,A1_003_18
A019.02,Mamu,MHC_A_HAPLOTYPES,A1_003,A1_003_20_01_01N
A019.02,Mamu,MHC_A_HAPLOTYPES,A1_003,A1_003_01_01
A019.02,Mamu,MHC_A_HAPLOTYPES,A1_003,A1_003_01_03
A019.02,Mamu,MHC_A_HAPLOTYPES,A1_003,A1_003_05_01_01
A019.02,Mamu,MHC_A_HAPLOTYPES,A1_003,A1_003_06_01_01
A019.02,Mamu,MHC_A_HAPLOTYPES,A1_003,A1_003_07_01_01
A019.02,Mamu,MHC_A_HAPLOTYPES,A1_003,A1_003_08
A019.02,Mamu,MHC_A_HAPLOTYPES,A1_003,A1_003_10
A019.02,Mamu,MHC_A_HAPLOTYPES,A1_003,A1_003_12
A019.02,Mamu,MHC_A_HAPLOTYPES,A1_003,A1_003_13
A019.02,Mamu,MHC_A_HAPLOTYPES,A1_003,A1_003_14
A019.02,Mamu,MHC_A_HAPLOTYPES,A1_003,A1_003_16
A019.02,Mamu,MHC_A_HAPLOTYPES,A1_003,A1_003_17
A019.02,Mamu,MHC_A_HAPLOTYPES,A1_003,A1_003_19_01_01
A019.02,Mamu,MHC_A_HAPLOTYPES,A1_003,A1_003_19_01_02
A019.02,Mamu,MHC_A_HAPLOTYPES,A1_003,A1_003_21_01_01N
A019.02,Mamu,MHC_A_HAPLOTYPES,A1_003,A1_003_22_01_01N
A019.02,Mamu,MHC_A_HAPLOTYPES,A1_003,A1_003_03
A019.02,Mamu,MHC_A_HAPLOTYPES,A1_003,A1_003_11
A019.02,Mamu,MHC_A_HAPLOTYPES,A1_003,A1_003_15
A019.02,Mamu,MHC_A_HAPLOTYPES,A1_003,A1_003_04_01_01
A019.02,Mamu,MHC_A_HAPLOTYPES,A1_003,A1_019_04_01
A019.02,Mamu,MHC_A_HAPLOTYPES,A1_003,A1_019_04_02_01
A019.02,Mamu,MHC_A_HAPLOTYPES,A1_003,A1_019_06_01_01
A022.01,Mamu,MHC_A_HAPLOTYPES,A1_022,A1_022_03
A022.01,Mamu,MHC_A_HAPLOTYPES,A1_022,A1_022_05
A022.01,Mamu,MHC_A_HAPLOTYPES,A1_022,A1_022_06
A022.01,Mamu,MHC_A_HAPLOTYPES,A1_022,A1_022_01_01_01
A022.01,Mamu,MHC_A_HAPLOTYPES,A1_022,A1_022_02
A022.01,Mamu,MHC_A_HAPLOTYPES,A1_022,A1_022_04
A022.01,Mamu,MHC_A_HAPLOTYPES,A1_022,A1_022_07
A023.01,Mamu,MHC_A_HAPLOTYPES,A1_023,A1_023_01_01_01
A023.01,Mamu,MHC_A_HAPLOTYPES,A1_023,A1_023_02
A023.01,Mamu,MHC_A_HAPLOTYPES,A1_023,A1_023_03_01_01
A023.01,Mamu,MHC_A_HAPLOTYPES,A1_023,A1_106_01
A025.01,Mamu,MHC_A_HAPLOTYPES,A1_025,A1_025_01_01_01
A025.01,Mamu,MHC_A_HAPLOTYPES,A1_025,A1_025_02_01
A025.01,Mamu,MHC_A_HAPLOTYPES,A1_025,A1_025_02_02_01
A026.01,Mamu,MHC_A_HAPLOTYPES,A1_026,A1_015_01
A026.01,Mamu,MHC_A_HAPLOTYPES,A1_026,A1_026_04_01_01
A026.01,Mamu,MHC_A_HAPLOTYPES,A1_026,A1_057_03
A026.01,Mamu,MHC_A_HAPLOTYPES,A1_026,A1_057_05
A026.01,Mamu,MHC_A_HAPLOTYPES,A1_026,A1_026_01_01_01
A026.01,Mamu,MHC_A_HAPLOTYPES,A1_026,A1_026_01_01_02
A026.01,Mamu,MHC_A_HAPLOTYPES,A1_026,A1_026_01_01_03
A026.01,Mamu,MHC_A_HAPLOTYPES,A1_026,A1_026_02_01
A026.01,Mamu,MHC_A_HAPLOTYPES,A1_026,A1_026_02_02
A026.01,Mamu,MHC_A_HAPLOTYPES,A1_026,A1_026_03
A028.01,Mamu,MHC_A_HAPLOTYPES,A1_028g,A1_028_03_01_01
A028.01,Mamu,MHC_A_HAPLOTYPES,A1_028g,A1_028_03_01_02
A028.01,Mamu,MHC_A_HAPLOTYPES,A1_028g,A1_028_03_01_03
A028.01,Mamu,MHC_A_HAPLOTYPES,A1_028g,A1_028_03_01_04
A028.01,Mamu,MHC_A_HAPLOTYPES,A1_028g,A1_028_04_01
A028.01,Mamu,MHC_A_HAPLOTYPES,A1_028g,A1_028_04_02
A028.01,Mamu,MHC_A_HAPLOTYPES,A1_028g,A1_028_05
A028.01,Mamu,MHC_A_HAPLOTYPES,A1_028g,A1_028_09_01_01
A028.01,Mamu,MHC_A_HAPLOTYPES,A1_028g,A1_028_06
A028.01,Mamu,MHC_A_HAPLOTYPES,A1_028g,A1_028_07_01_01
A028.01,Mamu,MHC_A_HAPLOTYPES,A1_028g,A1_028_08
A055.01,Mamu,MHC_A_HAPLOTYPES,A1_055,A1_055_01_01_01
A074.01,Mamu,MHC_A_HAPLOTYPES,A1_074,A1_074_04
A074.01,Mamu,MHC_A_HAPLOTYPES,A1_074,A1_074_05
A074.01,Mamu,MHC_A_HAPLOTYPES,A1_074,A1_074_01_01_01
A074.01,Mamu,MHC_A_HAPLOTYPES,A1_074,A1_074_06
A074.01,Mamu,MHC_A_HAPLOTYPES,A1_074,A1_074_02
A074.01,Mamu,MHC_A_HAPLOTYPES,A1_074,A1_074_03_01_01
A110-A111.01,Mamu,MHC_A_HAPLOTYPES,A1_110_A1_111,A1_110_01
A110-A111.01,Mamu,MHC_A_HAPLOTYPES,A1_110_A1_111,A1_111_01
A224.01,Mamu,MHC_A_HAPLOTYPES,A2_24,A2_24_01_01_01
A224.01,Mamu,MHC_A_HAPLOTYPES,A2_24,A2_24_02
A224.01,Mamu,MHC_A_HAPLOTYPES,A2_24,A2_24_03_01_01
A224.01,Mamu,MHC_A_HAPLOTYPES,A2_24,A2_24_04
A224.01,Mamu,MHC_A_HAPLOTYPES,A1_003,A1_003_02_01_01
A224.01,Mamu,MHC_A_HAPLOTYPES,A1_003,A1_003_09
A224.01,Mamu,MHC_A_HAPLOTYPES,A1_003,A1_003_18
A224.01,Mamu,MHC_A_HAPLOTYPES,A1_003,A1_003_20_01_01N
A224.01,Mamu,MHC_A_HAPLOTYPES,A1_003,A1_003_01_01
A224.01,Mamu,MHC_A_HAPLOTYPES,A1_003,A1_003_01_03
A224.01,Mamu,MHC_A_HAPLOTYPES,A1_003,A1_003_05_01_01
A224.01,Mamu,MHC_A_HAPLOTYPES,A1_003,A1_003_06_01_01
A224.01,Mamu,MHC_A_HAPLOTYPES,A1_003,A1_003_07_01_01
A224.01,Mamu,MHC_A_HAPLOTYPES,A1_003,A1_003_08
A224.01,Mamu,MHC_A_HAPLOTYPES,A1_003,A1_003_10
A224.01,Mamu,MHC_A_HAPLOTYPES,A1_003,A1_003_12
A224.01,Mamu,MHC_A_HAPLOTYPES,A1_003,A1_003_13
A224.01,Mamu,MHC_A_HAPLOTYPES,A1_003,A1_003_14
A224.01,Mamu,MHC_A_HAPLOTYPES,A1_003,A1_003_16
A224.01,Mamu,MHC_A_HAPLOTYPES,A1_003,A1_003_17
A224.01,Mamu,MHC_A_HAPLOTYPES,A1_003,A1_003_19_01_01
A224.01,Mamu,MHC_A_HAPLOTYPES,A1_003,A1_003_19_01_02
A224.01,Mamu,MHC_A_HAPLOTYPES,A1_003,A1_003_21_01_01N
A224.01,Mamu,MHC_A_HAPLOTYPES,A1_003,A1_003_22_01_01N
A224.01,Mamu,MHC_A_HAPLOTYPES,A1_003,A1_003_03
A224.01,Mamu,MHC_A_HAPLOTYPES,A1_003,A1_003_11
A224.01,Mamu,MHC_A_HAPLOTYPES,A1_003,A1_003_15
A224.01,Mamu,MHC_A_HAPLOTYPES,A1_003,A1_003_04_01_01
A224.01,Mamu,MHC_A_HAPLOTYPES,A1_003,A1_019_04_01
A224.01,Mamu,MHC_A_HAPLOTYPES,A1_003,A1_019_04_02_01
A224.01,Mamu,MHC_A_HAPLOTYPES,A1_003,A1_019_06_01_01
B001.01,Mamu,MHC_B_HAPLOTYPES,B_001,B_001_02_01_01
B001.01,Mamu,MHC_B_HAPLOTYPES,B_001,B_001_07
B001.01,Mamu,MHC_B_HAPLOTYPES,B_001,B_001_09_01_01
B001.01,Mamu,MHC_B_HAPLOTYPES,B_001,B_001_01_01_01
B001.01,Mamu,MHC_B_HAPLOTYPES,B_001,B_001_01_01_02
B001.01,Mamu,MHC_B_HAPLOTYPES,B_001,B_001_01_01_03
B001.01,Mamu,MHC_B_HAPLOTYPES,B_001,B_001_01_01_04
B001.01,Mamu,MHC_B_HAPLOTYPES,B_001,B_001_04
B001.01,Mamu,MHC_B_HAPLOTYPES,B_001,B_001_05
B001.01,Mamu,MHC_B_HAPLOTYPES,B_001,B_001_06_01_01
B001.01,Mamu,MHC_B_HAPLOTYPES,B_001,B_001_08
B001.01,Mamu,MHC_B_HAPLOTYPES,B_001,B_001_01_02_01
B001.01,Mamu,MHC_B_HAPLOTYPES,B_001,B_001_01_02_02
B001.01,Mamu,MHC_B_HAPLOTYPES,B_001,B_001_03
B001.01,Mamu,MHC_B_HAPLOTYPES,B_007,B_007_04_02
B001.01,Mamu,MHC_B_HAPLOTYPES,B_007,B_007_07_01_01
B001.01,Mamu,MHC_B_HAPLOTYPES,B_007,B_007_09_01_01
B001.01,Mamu,MHC_B_HAPLOTYPES,B_007,B_007_01_01_01
B001.01,Mamu,MHC_B_HAPLOTYPES,B_007,B_007_02_01_01
B001.01,Mamu,MHC_B_HAPLOTYPES,B_007,B_007_02_01_02
B001.01,Mamu,MHC_B_HAPLOTYPES,B_007,B_007_02_01_03
B001.01,Mamu,MHC_B_HAPLOTYPES,B_007,B_007_02_01_04
B001.01,Mamu,MHC_B_HAPLOTYPES,B_007,B_007_02_02
B001.01,Mamu,MHC_B_HAPLOTYPES,B_007,B_007_02_03
B001.01,Mamu,MHC_B_HAPLOTYPES,B_007,B_007_03_01_01
B001.01,Mamu,MHC_B_HAPLOTYPES,B_007,B_007_03_01_02
B001.01,Mamu,MHC_B_HAPLOTYPES,B_007,B_007_05
B001.01,Mamu,MHC_B_HAPLOTYPES,B_007,B_007_06
B001.01,Mamu,MHC_B_HAPLOTYPES,B_007,B_007_08
B001.01,Mamu,MHC_B_HAPLOTYPES,B_007,B_007_11_01_01
B001.01,Mamu,MHC_B_HAPLOTYPES,B_007,B_007_04_01_01
B001.01,Mamu,MHC_B_HAPLOTYPES,B_007,B_007_10
B001.01,Mamu,MHC_B_HAPLOTYPES,B_030,B_030_01_01_01
B001.01,Mamu,MHC_B_HAPLOTYPES,B_030,B_030_01_01_02
B001.01,Mamu,MHC_B_HAPLOTYPES,B_030,B_030_03_01_01
B001.01,Mamu,MHC_B_HAPLOTYPES,B_030,B_030_03_01_02
B001.01,Mamu,MHC_B_HAPLOTYPES,B_030,B_030_03_02
B001.01,Mamu,MHC_B_HAPLOTYPES,B_030,B_030_03_03_01
B001.01,Mamu,MHC_B_HAPLOTYPES,B_030,B_030_03_03_02
B001.01,Mamu,MHC_B_HAPLOTYPES,B_030,B_030_04_01_01
B001.01,Mamu,MHC_B_HAPLOTYPES,B_030,B_030_06
B001.01,Mamu,MHC_B_HAPLOTYPES,B_030,B_030_07
B001.01,Mamu,MHC_B_HAPLOTYPES,B_030,B_030_02_01_01
B001.01,Mamu,MHC_B_HAPLOTYPES,B_030,B_030_02_01_02
B001.01,Mamu,MHC_B_HAPLOTYPES,B_030,B_030_02_01_03
B001.01,Mamu,MHC_B_HAPLOTYPES,B_030,B_030_02_01_04
B001.01,Mamu,MHC_B_HAPLOTYPES,B_030,B_030_02_01_05
B001.01,Mamu,MHC_B_HAPLOTYPES,B_030,B_030_05
B001.03,Mamu,MHC_B_HAPLOTYPES,B_001_02,B_001_02_01_01
B001.03,Mamu,MHC_B_HAPLOTYPES,B_094,B_094_01_01_01
B001.03,Mamu,MHC_B_HAPLOTYPES,B_095,B_095_01_01_01
B001.03,Mamu,MHC_B_HAPLOTYPES,B_095,B_095_02_01_01
B001.03,Mamu,MHC_B_HAPLOTYPES,B_095,B_095_03
B002.01,Mamu,MHC_B_HAPLOTYPES,B_002,B_002_03
B002.01,Mamu,MHC_B_HAPLOTYPES,B_002,B_002_01_01_01
B002.01,Mamu,MHC_B_HAPLOTYPES,B_002,B_002_01_01_02
B002.01,Mamu,MHC_B_HAPLOTYPES,B_002,B_002_02
B008.01,Mamu,MHC_B_HAPLOTYPES,B_008,B_008_01_01_01
B008.01,Mamu,MHC_B_HAPLOTYPES,B_006,B_006_01_01_01
B008.01,Mamu,MHC_B_HAPLOTYPES,B_006,B_006_01_01_02
B008.01,Mamu,MHC_B_HAPLOTYPES,B_006,B_006_02_01_01
B012.01,Mamu,MHC_B_HAPLOTYPES,B_012,B_012_02
B012.01,Mamu,MHC_B_HAPLOTYPES,B_012,B_012_01_01_01
B012.01,Mamu,MHC_B_HAPLOTYPES,B_012,B_012_01_01_02
B012.01,Mamu,MHC_B_HAPLOTYPES,B_012,B_012_01_01_03
B012.01,Mamu,MHC_B_HAPLOTYPES,B_030,B_030_01_01_01
B012.01,Mamu,MHC_B_HAPLOTYPES,B_030,B_030_01_01_02
B012.01,Mamu,MHC_B_HAPLOTYPES,B_030,B_030_03_01_01
B012.01,Mamu,MHC_B_HAPLOTYPES,B_030,B_030_03_01_02
B012.01,Mamu,MHC_B_HAPLOTYPES,B_030,B_030_03_02
B012.01,Mamu,MHC_B_HAPLOTYPES,B_030,B_030_03_03_01
B012.01,Mamu,MHC_B_HAPLOTYPES,B_030,B_030_03_03_02
B012.01,Mamu,MHC_B_HAPLOTYPES,B_030,B_030_04_01_01
B012.01,Mamu,MHC_B_HAPLOTYPES,B_030,B_030_06
B012.01,Mamu,MHC_B_HAPLOTYPES,B_030,B_030_07
B012.01,Mamu,MHC_B_HAPLOTYPES,B_030,B_030_02_01_01
B012.01,Mamu,MHC_B_HAPLOTYPES,B_030,B_030_02_01_02
B012.01,Mamu,MHC_B_HAPLOTYPES,B_030,B_030_02_01_03
B012.01,Mamu,MHC_B_HAPLOTYPES,B_030,B_030_02_01_04
B012.01,Mamu,MHC_B_HAPLOTYPES,B_030,B_030_02_01_05
B012.01,Mamu,MHC_B_HAPLOTYPES,B_030,B_030_05
B012.01,Mamu,MHC_B_HAPLOTYPES,B_082,B_082_08
B012.01,Mamu,MHC_B_HAPLOTYPES,B_082,B_082_01_01_01
B012.01,Mamu,MHC_B_HAPLOTYPES,B_082,B_082_03_01_01
B012.01,Mamu,MHC_B_HAPLOTYPES,B_082,B_082_03_01_02
B012.01,Mamu,MHC_B_HAPLOTYPES,B_082,B_082_04
B012.01,Mamu,MHC_B_HAPLOTYPES,B_082,B_082_05
B012.01,Mamu,MHC_B_HAPLOTYPES,B_082,B_082_06_01
B012.01,Mamu,MHC_B_HAPLOTYPES,B_082,B_082_06_02
B012.01,Mamu,MHC_B_HAPLOTYPES,B_082,B_082_07_01_01
B012.01,Mamu,MHC_B_HAPLOTYPES,B_082,B_082_10
B012.01,Mamu,MHC_B_HAPLOTYPES,B_082,B_082_11
B012.01,Mamu,MHC_B_HAPLOTYPES,B_082,B_082_02_01_01
B012.01,Mamu,MHC_B_HAPLOTYPES,B_082,B_082_02_01_02
B012.01,Mamu,MHC_B_HAPLOTYPES,B_082,B_082_09
B012.02,Mamu,MHC_B_HAPLOTYPES,B_012,B_012_02
B012.02,Mamu,MHC_B_HAPLOTYPES,B_012,B_012_01_01_01
B012.02,Mamu,MHC_B_HAPLOTYPES,B_012,B_012_01_01_02
B012.02,Mamu,MHC_B_HAPLOTYPES,B_012,B_012_01_01_03
B012.02,Mamu,MHC_B_HAPLOTYPES,B_022,B_022_01_01_01
B012.02,Mamu,MHC_B_HAPLOTYPES,B_022,B_022_01_01_02
B012.02,Mamu,MHC_B_HAPLOTYPES,B_022,B_022_02
B012.02,Mamu,MHC_B_HAPLOTYPES,B_030,B_030_01_01_01
B012.02,Mamu,MHC_B_HAPLOTYPES,B_030,B_030_01_01_02
B012.02,Mamu,MHC_B_HAPLOTYPES,B_030,B_030_03_01_01
B012.02,Mamu,MHC_B_HAPLOTYPES,B_030,B_030_03_01_02
B012.02,Mamu,MHC_B_HAPLOTYPES,B_030,B_030_03_02
B012.02,Mamu,MHC_B_HAPLOTYPES,B_030,B_030_03_03_01
B012.02,Mamu,MHC_B_HAPLOTYPES,B_030,B_030_03_03_02
B012.02,Mamu,MHC_B_HAPLOTYPES,B_030,B_030_04_01_01
B012.02,Mamu,MHC_B_HAPLOTYPES,B_030,B_030_06
B012.02,Mamu,MHC_B_HAPLOTYPES,B_030,B_030_07
B012.02,Mamu,MHC_B_HAPLOTYPES,B_030,B_030_02_01_01
B012.02,Mamu,MHC_B_HAPLOTYPES,B_030,B_030_02_01_02
B012.02,Mamu,MHC_B_HAPLOTYPES,B_030,B_030_02_01_03
B012.02,Mamu,MHC_B_HAPLOTYPES,B_030,B_030_02_01_04
B012.02,Mamu,MHC_B_HAPLOTYPES,B_030,B_030_02_01_05
B012.02,Mamu,MHC_B_HAPLOTYPES,B_030,B_030_05
B012.03,Mamu,MHC_B_HAPLOTYPES,B_012,B_012_02
B012.03,Mamu,MHC_B_HAPLOTYPES,B_012,B_012_01_01_01
B012.03,Mamu,MHC_B_HAPLOTYPES,B_012,B_012_01_01_02
B012.03,Mamu,MHC_B_HAPLOTYPES,B_012,B_012_01_01_03
B012.03,Mamu,MHC_B_HAPLOTYPES,B_022,B_022_01_01_01
B012.03,Mamu,MHC_B_HAPLOTYPES,B_022,B_022_01_01_02
B012.03,Mamu,MHC_B_HAPLOTYPES,B_022,B_022_02
B012.03,Mamu,MHC_B_HAPLOTYPES,B_030,B_030_01_01_01
B012.03,Mamu,MHC_B_HAPLOTYPES,B_030,B_030_01_01_02
B012.03,Mamu,MHC_B_HAPLOTYPES,B_030,B_030_03_01_01
B012.03,Mamu,MHC_B_HAPLOTYPES,B_030,B_030_03_01_02
B012.03,Mamu,MHC_B_HAPLOTYPES,B_030,B_030_03_02
B012.03,Mamu,MHC_B_HAPLOTYPES,B_030,B_030_03_03_01
B012.03,Mamu,MHC_B_HAPLOTYPES,B_030,B_030_03_03_02
B012.03,Mamu,MHC_B_HAPLOTYPES,B_030,B_030_04_01_01
B012.03,Mamu,MHC_B_HAPLOTYPES,B_030,B_030_06
B012.03,Mamu,MHC_B_HAPLOTYPES,B_030,B_030_07
B012.03,Mamu,MHC_B_HAPLOTYPES,B_030,B_030_02_01_01
B012.03,Mamu,MHC_B_HAPLOTYPES,B_030,B_030_02_01_02
B012.03,Mamu,MHC_B_HAPLOTYPES,B_030,B_030_02_01_03
B012.03,Mamu,MHC_B_HAPLOTYPES,B_030,B_030_02_01_04
B012.03,Mamu,MHC_B_HAPLOTYPES,B_030,B_030_02_01_05
B012.03,Mamu,MHC_B_HAPLOTYPES,B_030,B_030_05
B012.03,Mamu,MHC_B_HAPLOTYPES,B_031g,B_031_01_01_01
B012.03,Mamu,MHC_B_HAPLOTYPES,B_031g,B_031_02_01_01
B015.01,Mamu,MHC_B_HAPLOTYPES,B_015g2,B_015_04_01_01
B015.01,Mamu,MHC_B_HAPLOTYPES,B_015g2,B_015_04_02
B015.01,Mamu,MHC_B_HAPLOTYPES,B_015g2,B_015_05_01_01
B015.01,Mamu,MHC_B_HAPLOTYPES,B_015g2,B_015_05_01_02
B015.01,Mamu,MHC_B_HAPLOTYPES,B_015g2,B_015_05_01_03
B015.01,Mamu,MHC_B_HAPLOTYPES,B_005g,B_005_01_01_01N
B015.01,Mamu,MHC_B_HAPLOTYPES,B_005g,B_005_02_01_01N
B015.01,Mamu,MHC_B_HAPLOTYPES,B_005g,B_005_02_01_02N
B015.01,Mamu,MHC_B_HAPLOTYPES,B_005g,B_005_02_01_03N
B015.01,Mamu,MHC_B_HAPLOTYPES,B_005g,B_005_02_01_04N
B015.02,Mamu,MHC_B_HAPLOTYPES,B_015g2,B_015_04_01_01
B015.02,Mamu,MHC_B_HAPLOTYPES,B_015g2,B_015_04_02
B015.02,Mamu,MHC_B_HAPLOTYPES,B_015g2,B_015_05_01_01
B015.02,Mamu,MHC_B_HAPLOTYPES,B_015g2,B_015_05_01_02
B015.02,Mamu,MHC_B_HAPLOTYPES,B_015g2,B_015_05_01_03
B015.02,Mamu,MHC_B_HAPLOTYPES,B_068g1,B_068_01_02_01
B015.02,Mamu,MHC_B_HAPLOTYPES,B_068g1,B_068_01_03
B015.02,Mamu,MHC_B_HAPLOTYPES,B_068g1,B_068_02_01_01
B015.02,Mamu,MHC_B_HAPLOTYPES,B_068g1,B_068_02_01_02
B015.02,Mamu,MHC_B_HAPLOTYPES,B_068g1,B_068_02_01_03
B015.02,Mamu,MHC_B_HAPLOTYPES,B_068g1,B_068_02_01_04
B015.02,Mamu,MHC_B_HAPLOTYPES,B_068g1,B_068_02_01_05
B015.02,Mamu,MHC_B_HAPLOTYPES,B_068g1,B_068_02_02
B015.02,Mamu,MHC_B_HAPLOTYPES,B_068g1,B_068_05
B015.03,Mamu,MHC_B_HAPLOTYPES,B_015g2,B_015_04_01_01
B015.03,Mamu,MHC_B_HAPLOTYPES,B_015g2,B_015_04_02
B015.03,Mamu,MHC_B_HAPLOTYPES,B_015g2,B_015_05_01_01
B015.03,Mamu,MHC_B_HAPLOTYPES,B_015g2,B_015_05_01_02
B015.03,Mamu,MHC_B_HAPLOTYPES,B_015g2,B_015_05_01_03
B015.03,Mamu,MHC_B_HAPLOTYPES,B_031g,B_031_01_01_01
B015.03,Mamu,MHC_B_HAPLOTYPES,B_031g,B_031_02_01_01
B015.03,Mamu,MHC_B_HAPLOTYPES,B_068g1,B_068_01_02_01
B015.03,Mamu,MHC_B_HAPLOTYPES,B_068g1,B_068_01_03
B015.03,Mamu,MHC_B_HAPLOTYPES,B_068g1,B_068_02_01_01
B015.03,Mamu,MHC_B_HAPLOTYPES,B_068g1,B_068_02_01_02
B015.03,Mamu,MHC_B_HAPLOTYPES,B_068g1,B_068_02_01_03
B015.03,Mamu,MHC_B_HAPLOTYPES,B_068g1,B_068_02_01_04
B015.03,Mamu,MHC_B_HAPLOTYPES,B_068g1,B_068_02_01_05
B015.03,Mamu,MHC_B_HAPLOTYPES,B_068g1,B_068_02_02
B015.03,Mamu,MHC_B_HAPLOTYPES,B_068g1,B_068_05
B017.01,Mamu,MHC_B_HAPLOTYPES,B_017,B_017_02_02
B017.01,Mamu,MHC_B_HAPLOTYPES,B_017,B_017_03_01_01
B017.01,Mamu,MHC_B_HAPLOTYPES,B_017,B_017_04
B017.01,Mamu,MHC_B_HAPLOTYPES,B_017,B_017_01_01_01
B017.01,Mamu,MHC_B_HAPLOTYPES,B_017,B_017_01_01_02
B017.01,Mamu,MHC_B_HAPLOTYPES,B_017,B_017_01_02
B017.01,Mamu,MHC_B_HAPLOTYPES,B_017,B_017_02_01_01
B017.01,Mamu,MHC_B_HAPLOTYPES,B_017,B_017_05_01_01
B017.01,Mamu,MHC_B_HAPLOTYPES,B_017,B_017_06
B017.01,Mamu,MHC_B_HAPLOTYPES,B_017,B_017_07
B017.01,Mamu,MHC_B_HAPLOTYPES,B_029,B_029_01_01_01
B017.01,Mamu,MHC_B_HAPLOTYPES,B_029,B_029_01_01_02
B017.01,Mamu,MHC_B_HAPLOTYPES,B_029,B_029_01_02_01
B017.01,Mamu,MHC_B_HAPLOTYPES,B_029,B_029_02
B017.01,Mamu,MHC_B_HAPLOTYPES,B_029,B_029_03
B017.01,Mamu,MHC_B_HAPLOTYPES,B_029,B_029_04
B017.02,Mamu,MHC_B_HAPLOTYPES,B_017,B_017_02_02
B017.02,Mamu,MHC_B_HAPLOTYPES,B_017,B_017_03_01_01
B017.02,Mamu,MHC_B_HAPLOTYPES,B_017,B_017_04
B017.02,Mamu,MHC_B_HAPLOTYPES,B_017,B_017_01_01_01
B017.02,Mamu,MHC_B_HAPLOTYPES,B_017,B_017_01_01_02
B017.02,Mamu,MHC_B_HAPLOTYPES,B_017,B_017_01_02
B017.02,Mamu,MHC_B_HAPLOTYPES,B_017,B_017_02_01_01
B017.02,Mamu,MHC_B_HAPLOTYPES,B_017,B_017_05_01_01
B017.02,Mamu,MHC_B_HAPLOTYPES,B_017,B_017_06
B017.02,Mamu,MHC_B_HAPLOTYPES,B_017,B_017_07
B017.02,Mamu,MHC_B_HAPLOTYPES,B_065,B_065_02_01_01
B017.02,Mamu,MHC_B_HAPLOTYPES,B_065,B_065_02_01_02
B017.02,Mamu,MHC_B_HAPLOTYPES,B_065,B_065_03_03
B017.02,Mamu,MHC_B_HAPLOTYPES,B_065,B_065_03_04_01
B017.02,Mamu,MHC_B_HAPLOTYPES,B_065,B_065_04
B017.02,Mamu,MHC_B_HAPLOTYPES,B_065,B_065_06_01_01
B017.02,Mamu,MHC_B_HAPLOTYPES,B_065,B_065_07
B017.02,Mamu,MHC_B_HAPLOTYPES,B_065,B_065_08_01_01
B017.02,Mamu,MHC_B_HAPLOTYPES,B_065,B_065_01_01_01
B017.02,Mamu,MHC_B_HAPLOTYPES,B_065,B_065_05_01_01
B017.02,Mamu,MHC_B_HAPLOTYPES,B_065,B_065_09_01_01
B017.02,Mamu,MHC_B_HAPLOTYPES,B_065,B_065_03_01_01
B017.02,Mamu,MHC_B_HAPLOTYPES,B_065,B_065_03_01_02
B017.02,Mamu,MHC_B_HAPLOTYPES,B_065,B_065_03_01_03
B017.02,Mamu,MHC_B_HAPLOTYPES,B_083,B_083_01_02_01
B017.02,Mamu,MHC_B_HAPLOTYPES,B_083,B_083_02
B017.02,Mamu,MHC_B_HAPLOTYPES,B_083,B_083_01_01_01
B017.02,Mamu,MHC_B_HAPLOTYPES,B_083,B_083_01_01_02
B017.02,Mamu,MHC_B_HAPLOTYPES,B_083,B_083_01_01_03
B017.04,Mamu,MHC_B_HAPLOTYPES,B_017,B_017_02_02
B017.04,Mamu,MHC_B_HAPLOTYPES,B_017,B_017_03_01_01
B017.04,Mamu,MHC_B_HAPLOTYPES,B_017,B_017_04
B017.04,Mamu,MHC_B_HAPLOTYPES,B_017,B_017_01_01_01
B017.04,Mamu,MHC_B_HAPLOTYPES,B_017,B_017_01_01_02
B017.04,Mamu,MHC_B_HAPLOTYPES,B_017,B_017_01_02
B017.04,Mamu,MHC_B_HAPLOTYPES,B_017,B_017_02_01_01
B017.04,Mamu,MHC_B_HAPLOTYPES,B_017,B_017_05_01_01
B017.04,Mamu,MHC_B_HAPLOTYPES,B_017,B_017_06
B017.04,Mamu,MHC_B_HAPLOTYPES,B_017,B_017_07
B017.04,Mamu,MHC_B_HAPLOTYPES,B_065,B_065_02_01_01
B017.04,Mamu,MHC_B_HAPLOTYPES,B_065,B_065_02_01_02
B017.04,Mamu,MHC_B_HAPLOTYPES,B_065,B_065_03_03
B017.04,Mamu,MHC_B_HAPLOTYPES,B_065,B_065_03_04_01
B017.04,Mamu,MHC_B_HAPLOTYPES,B_065,B_065_04
B017.04,Mamu,MHC_B_HAPLOTYPES,B_065,B_065_06_01_01
B017.04,Mamu,MHC_B_HAPLOTYPES,B_065,B_065_07
B017.04,Mamu,MHC_B_HAPLOTYPES,B_065,B_065_08_01_01
B017.04,Mamu,MHC_B_HAPLOTYPES,B_065,B_065_01_01_01
B017.04,Mamu,MHC_B_HAPLOTYPES,B_065,B_065_05_01_01
B017.04,Mamu,MHC_B_HAPLOTYPES,B_065,B_065_09_01_01
B017.04,Mamu,MHC_B_HAPLOTYPES,B_065,B_065_03_01_01
B017.04,Mamu,MHC_B_HAPLOTYPES,B_065,B_065_03_01_02
B017.04,Mamu,MHC_B_HAPLOTYPES,B_065,B_065_03_01_03
B017.04,Mamu,MHC_B_HAPLOTYPES,B_068,B_068_01_02_01
B017.04,Mamu,MHC_B_HAPLOTYPES,B_068,B_068_01_03
B017.04,Mamu,MHC_B_HAPLOTYPES,B_068,B_068_02_01_01
B017.04,Mamu,MHC_B_HAPLOTYPES,B_068,B_068_02_01_02
B017.04,Mamu,MHC_B_HAPLOTYPES,B_068,B_068_02_01_03
B017.04,Mamu,MHC_B_HAPLOTYPES,B_068,B_068_02_01_04
B017.04,Mamu,MHC_B_HAPLOTYPES,B_068,B_068_02_01_05
B017.04,Mamu,MHC_B_HAPLOTYPES,B_068,B_068_02_02
B017.04,Mamu,MHC_B_HAPLOTYPES,B_068,B_068_05
B017.04,Mamu,MHC_B_HAPLOTYPES,B_068,B_068_03_01_01
B017.04,Mamu,MHC_B_HAPLOTYPES,B_068,B_068_03_01_02
B017.04,Mamu,MHC_B_HAPLOTYPES,B_068,B_068_03_02_01
B017.04,Mamu,MHC_B_HAPLOTYPES,B_068,B_068_03_02_02
B017.04,Mamu,MHC_B_HAPLOTYPES,B_068,B_068_06
B017.04,Mamu,MHC_B_HAPLOTYPES,B_068,B_068_01_01_01
B017.04,Mamu,MHC_B_HAPLOTYPES,B_068,B_068_01_01_02
B017.04,Mamu,MHC_B_HAPLOTYPES,B_068,B_068_01_01_03
B017.04,Mamu,MHC_B_HAPLOTYPES,B_068,B_068_04_01_01
B017.04,Mamu,MHC_B_HAPLOTYPES,B_068,B_068_07
B017.04,Mamu,MHC_B_HAPLOTYPES,B_068,B_068_08_01_01
B017.04,Mamu,MHC_B_HAPLOTYPES,B_068,B_068_09_01_01N
B017.04,Mamu,MHC_B_HAPLOTYPES,B_068,B_068_10_01_01N
B017.04,Mamu,MHC_B_HAPLOTYPES,B_083,B_083_01_02_01
B017.04,Mamu,MHC_B_HAPLOTYPES,B_083,B_083_02
B017.04,Mamu,MHC_B_HAPLOTYPES,B_083,B_083_01_01_01
B017.04,Mamu,MHC_B_HAPLOTYPES,B_083,B_083_01_01_02
B017.04,Mamu,MHC_B_HAPLOTYPES,B_083,B_083_01_01_03
B024.01,Mamu,MHC_B_HAPLOTYPES,B_024,B_024_01_01_01
B024.01,Mamu,MHC_B_HAPLOTYPES,B_024,B_024_01_01_02
B024.01,Mamu,MHC_B_HAPLOTYPES,B_019,B_019_08
B024.01,Mamu,MHC_B_HAPLOTYPES,B_019,B_019_01_01_01
B024.01,Mamu,MHC_B_HAPLOTYPES,B_019,B_019_01_01_02
B024.01,Mamu,MHC_B_HAPLOTYPES,B_019,B_019_01_02Sp
B024.01,Mamu,MHC_B_HAPLOTYPES,B_019,B_019_01_03_01
B024.01,Mamu,MHC_B_HAPLOTYPES,B_019,B_019_03
B024.01,Mamu,MHC_B_HAPLOTYPES,B_019,B_019_05
B024.01,Mamu,MHC_B_HAPLOTYPES,B_019,B_019_06
B024.01,Mamu,MHC_B_HAPLOTYPES,B_019,B_019_07
B024.01,Mamu,MHC_B_HAPLOTYPES,B_019,B_019_02
B024.01,Mamu,MHC_B_HAPLOTYPES,B_019,B_019_04
B028.01,Mamu,MHC_B_HAPLOTYPES,B_028,B_028_01_01_01
B028.01,Mamu,MHC_B_HAPLOTYPES,B_028,B_028_04
B028.01,Mamu,MHC_B_HAPLOTYPES,B_028,B_028_02_01
B028.01,Mamu,MHC_B_HAPLOTYPES,B_028,B_028_02_02
B028.01,Mamu,MHC_B_HAPLOTYPES,B_028,B_028_03
B028.01,Mamu,MHC_B_HAPLOTYPES,B_021,B_021_01
B028.01,Mamu,MHC_B_HAPLOTYPES,B_021,B_021_02
B028.01,Mamu,MHC_B_HAPLOTYPES,B_021,B_021_03
B028.01,Mamu,MHC_B_HAPLOTYPES,B_021,B_021_04
B043.01,Mamu,MHC_B_HAPLOTYPES,B_043,B_043_01_01_01
B043.01,Mamu,MHC_B_HAPLOTYPES,B_043,B_043_01_01_02
B043.01,Mamu,MHC_B_HAPLOTYPES,B_043,B_043_01_01_03
B043.01,Mamu,MHC_B_HAPLOTYPES,B_030,B_030_01_01_01
B043.01,Mamu,MHC_B_HAPLOTYPES,B_030,B_030_01_01_02
B043.01,Mamu,MHC_B_HAPLOTYPES,B_030,B_030_03_01_01
B043.01,Mamu,MHC_B_HAPLOTYPES,B_030,B_030_03_01_02
B043.01,Mamu,MHC_B_HAPLOTYPES,B_030,B_030_03_02
B043.01,Mamu,MHC_B_HAPLOTYPES,B_030,B_030_03_03_01
B043.01,Mamu,MHC_B_HAPLOTYPES,B_030,B_030_03_03_02
B043.01,Mamu,MHC_B_HAPLOTYPES,B_030,B_030_04_01_01
B043.01,Mamu,MHC_B_HAPLOTYPES,B_030,B_030_06
B043.01,Mamu,MHC_B_HAPLOTYPES,B_030,B_030_07
B043.01,Mamu,MHC_B_HAPLOTYPES,B_030,B_030_02_01_01
B043.01,Mamu,MHC_B_HAPLOTYPES,B_030,B_030_02_01_02
B043.01,Mamu,MHC_B_HAPLOTYPES,B_030,B_030_02_01_03
B043.01,Mamu,MHC_B_HAPLOTYPES,B_030,B_030_02_01_04
B043.01,Mamu,MHC_B_HAPLOTYPES,B_030,B_030_02_01_05
B043.01,Mamu,MHC_B_HAPLOTYPES,B_030,B_030_05
B043.02,Mamu,MHC_B_HAPLOTYPES,B_043,B_043_01_01_01
B043.02,Mamu,MHC_B_HAPLOTYPES,B_043,B_043_01_01_02
B043.02,Mamu,MHC_B_HAPLOTYPES,B_043,B_043_01_01_03
B043.02,Mamu,MHC_B_HAPLOTYPES,B_030,B_030_01_01_01
B043.02,Mamu,MHC_B_HAPLOTYPES,B_030,B_030_01_01_02
B043.02,Mamu,MHC_B_HAPLOTYPES,B_030,B_030_03_01_01
B043.02,Mamu,MHC_B_HAPLOTYPES,B_030,B_030_03_01_02
B043.02,Mamu,MHC_B_HAPLOTYPES,B_030,B_030_03_02
B043.02,Mamu,MHC_B_HAPLOTYPES,B_030,B_030_03_03_01
B043.02,Mamu,MHC_B_HAPLOTYPES,B_030,B_030_03_03_02
B043.02,Mamu,MHC_B_HAPLOTYPES,B_030,B_030_04_01_01
B043.02,Mamu,MHC_B_HAPLOTYPES,B_030,B_030_06
B043.02,Mamu,MHC_B_HAPLOTYPES,B_030,B_030_07
B043.02,Mamu,MHC_B_HAPLOTYPES,B_030,B_030_02_01_01
B043.02,Mamu,MHC_B_HAPLOTYPES,B_030,B_030_02_01_02
B043.02,Mamu,MHC_B_HAPLOTYPES,B_030,B_030_02_01_03
B043.02,Mamu,MHC_B_HAPLOTYPES,B_030,B_030_02_01_04
B043.02,Mamu,MHC_B_HAPLOTYPES,B_030,B_030_02_01_05
B043.02,Mamu,MHC_B_HAPLOTYPES,B_030,B_030_05
B043.02,Mamu,MHC_B_HAPLOTYPES,B_031_03,B_031_03_01_01
B043.02,Mamu,MHC_B_HAPLOTYPES,B_073,B_073_01_01_01
B043.02,Mamu,MHC_B_HAPLOTYPES,B_073,B_073_02
B043.03,Mamu,MHC_B_HAPLOTYPES,B_043,B_043_01_01_01
B043.03,Mamu,MHC_B_HAPLOTYPES,B_043,B_043_01_01_02
B043.03,Mamu,MHC_B_HAPLOTYPES,B_043,B_043_01_01_03
B043.03,Mamu,MHC_B_HAPLOTYPES,B_030,B_030_01_01_01
B043.03,Mamu,MHC_B_HAPLOTYPES,B_030,B_030_01_01_02
B043.03,Mamu,MHC_B_HAPLOTYPES,B_030,B_030_03_01_01
B043.03,Mamu,MHC_B_HAPLOTYPES,B_030,B_030_03_01_02
B043.03,Mamu,MHC_B_HAPLOTYPES,B_030,B_030_03_02
B043.03,Mamu,MHC_B_HAPLOTYPES,B_030,B_030_03_03_01
B043.03,Mamu,MHC_B_HAPLOTYPES,B_030,B_030_03_03_02
B043.03,Mamu,MHC_B_HAPLOTYPES,B_030,B_030_04_01_01
B043.03,Mamu,MHC_B_HAPLOTYPES,B_030,B_030_06
B043.03,Mamu,MHC_B_HAPLOTYPES,B_030,B_030_07
B043.03,Mamu,MHC_B_HAPLOTYPES,B_030,B_030_02_01_01
B043.03,Mamu,MHC_B_HAPLOTYPES,B_030,B_030_02_01_02
B043.03,Mamu,MHC_B_HAPLOTYPES,B_030,B_030_02_01_03
B043.03,Mamu,MHC_B_HAPLOTYPES,B_030,B_030_02_01_04
B043.03,Mamu,MHC_B_HAPLOTYPES,B_030,B_030_02_01_05
B043.03,Mamu,MHC_B_HAPLOTYPES,B_030,B_030_05
B043.03,Mamu,MHC_B_HAPLOTYPES,B_073,B_073_01_01_01
B043.03,Mamu,MHC_B_HAPLOTYPES,B_073,B_073_02
B045.01,Mamu,MHC_B_HAPLOTYPES,B_045,B_045_01
B045.01,Mamu,MHC_B_HAPLOTYPES,B_045,B_045_04_01_01
B045.01,Mamu,MHC_B_HAPLOTYPES,B_045,B_045_05
B045.01,Mamu,MHC_B_HAPLOTYPES,B_045,B_045_06
B045.01,Mamu,MHC_B_HAPLOTYPES,B_045,B_045_07
B045.01,Mamu,MHC_B_HAPLOTYPES,B_045,B_045_12_01_01N
B045.01,Mamu,MHC_B_HAPLOTYPES,B_045,B_045_13_01_01N
B045.01,Mamu,MHC_B_HAPLOTYPES,B_045,B_045_08_01_01
B045.01,Mamu,MHC_B_HAPLOTYPES,B_045,B_045_08_02_01
B045.01,Mamu,MHC_B_HAPLOTYPES,B_045,B_045_09_01_01
B045.01,Mamu,MHC_B_HAPLOTYPES,B_045,B_045_09_01_02
B045.01,Mamu,MHC_B_HAPLOTYPES,B_045,B_045_09_01_03
B045.01,Mamu,MHC_B_HAPLOTYPES,B_045,B_045_03_01_01
B045.01,Mamu,MHC_B_HAPLOTYPES,B_045,B_045_10
B045.01,Mamu,MHC_B_HAPLOTYPES,B_045,B_045_11
B045.01,Mamu,MHC_B_HAPLOTYPES,B_045,B_045_02_01_01
B045.01,Mamu,MHC_B_HAPLOTYPES,B_045,B_045_02_01_02
B045.01,Mamu,MHC_B_HAPLOTYPES,B_037,B_037_01_01_01
B045.01,Mamu,MHC_B_HAPLOTYPES,B_037,B_037_01_01_02
B045.01,Mamu,MHC_B_HAPLOTYPES,B_037,B_037_01_01_03
B045.01,Mamu,MHC_B_HAPLOTYPES,B_037,B_037_01_02
B045.01,Mamu,MHC_B_HAPLOTYPES,B_037,B_037_02
B045.01,Mamu,MHC_B_HAPLOTYPES,B_037,B_037_03
B047.01,Mamu,MHC_B_HAPLOTYPES,B_047,B_047_03
B047.01,Mamu,MHC_B_HAPLOTYPES,B_047,B_047_01_01_01
B047.01,Mamu,MHC_B_HAPLOTYPES,B_047,B_047_01_02
B047.01,Mamu,MHC_B_HAPLOTYPES,B_047,B_047_05_01_01
B047.01,Mamu,MHC_B_HAPLOTYPES,B_047,B_047_02
B047.01,Mamu,MHC_B_HAPLOTYPES,B_047,B_047_04
B047.01,Mamu,MHC_B_HAPLOTYPES,B_047,B_071_01_01_01
B047.01,Mamu,MHC_B_HAPLOTYPES,B_047,B_071_02
B048.01,Mamu,MHC_B_HAPLOTYPES,B_048,B_048_04
B048.01,Mamu,MHC_B_HAPLOTYPES,B_048,B_048_01_01_01
B048.01,Mamu,MHC_B_HAPLOTYPES,B_048,B_048_01_01_02
B048.01,Mamu,MHC_B_HAPLOTYPES,B_048,B_048_01_01_03N
B048.01,Mamu,MHC_B_HAPLOTYPES,B_048,B_048_05_01_01
B048.01,Mamu,MHC_B_HAPLOTYPES,B_048,B_048_02
B048.01,Mamu,MHC_B_HAPLOTYPES,B_048,B_048_03_01_01
B048.01,Mamu,MHC_B_HAPLOTYPES,B_041,B_041_01_01_01
B048.01,Mamu,MHC_B_HAPLOTYPES,B_041,B_041_01_01_02
B048.01,Mamu,MHC_B_HAPLOTYPES,B_041,B_041_02
B048.01,Mamu,MHC_B_HAPLOTYPES,B_041,B_041_03_01_01
B055.01,Mamu,MHC_B_HAPLOTYPES,B_055,B_055_01_01_01
B055.01,Mamu,MHC_B_HAPLOTYPES,B_055,B_055_01_02_01
B055.01,Mamu,MHC_B_HAPLOTYPES,B_052,B_052_01_01_01
B055.01,Mamu,MHC_B_HAPLOTYPES,B_052,B_052_02_01_01
B055.01,Mamu,MHC_B_HAPLOTYPES,B_058,B_058_02_01_01
B056.01,Mamu,MHC_B_HAPLOTYPES,B_056,B_056_06
B056.01,Mamu,MHC_B_HAPLOTYPES,B_056,B_056_01_01_01
B056.01,Mamu,MHC_B_HAPLOTYPES,B_056,B_056_01_01_02
B056.01,Mamu,MHC_B_HAPLOTYPES,B_056,B_056_01_01_03
B056.01,Mamu,MHC_B_HAPLOTYPES,B_056,B_056_02_01_01
B056.01,Mamu,MHC_B_HAPLOTYPES,B_056,B_056_02_01_02
B056.01,Mamu,MHC_B_HAPLOTYPES,B_056,B_056_02_01_03
B056.01,Mamu,MHC_B_HAPLOTYPES,B_056,B_056_02_01_04
B056.01,Mamu,MHC_B_HAPLOTYPES,B_056,B_056_04_01_01
B056.01,Mamu,MHC_B_HAPLOTYPES,B_056,B_056_05
B056.01,Mamu,MHC_B_HAPLOTYPES,B_056,B_056_09_01_01
B056.01,Mamu,MHC_B_HAPLOTYPES,B_056,B_056_03_01_01
B056.01,Mamu,MHC_B_HAPLOTYPES,B_056,B_056_07
B056.01,Mamu,MHC_B_HAPLOTYPES,B_056,B_056_08_01_01
B056.01,Mamu,MHC_B_HAPLOTYPES,B_067,B_067_01_01_01
B056.01,Mamu,MHC_B_HAPLOTYPES,B_067,B_067_01_01_02
B056.01,Mamu,MHC_B_HAPLOTYPES,B_067,B_067_01_02
B056.01,Mamu,MHC_B_HAPLOTYPES,B_067,B_067_02
B056.02,Mamu,MHC_B_HAPLOTYPES,B_056,B_056_06
B056.02,Mamu,MHC_B_HAPLOTYPES,B_056,B_056_01_01_01
B056.02,Mamu,MHC_B_HAPLOTYPES,B_056,B_056_01_01_02
B056.02,Mamu,MHC_B_HAPLOTYPES,B_056,B_056_01_01_03
B056.02,Mamu,MHC_B_HAPLOTYPES,B_056,B_056_02_01_01
B056.02,Mamu,MHC_B_HAPLOTYPES,B_056,B_056_02_01_02
B056.02,Mamu,MHC_B_HAPLOTYPES,B_056,B_056_02_01_03
B056.02,Mamu,MHC_B_HAPLOTYPES,B_056,B_056_02_01_04
B056.02,Mamu,MHC_B_HAPLOTYPES,B_056,B_056_04_01_01
B056.02,Mamu,MHC_B_HAPLOTYPES,B_056,B_056_05
B056.02,Mamu,MHC_B_HAPLOTYPES,B_056,B_056_09_01_01
B056.02,Mamu,MHC_B_HAPLOTYPES,B_056,B_056_03_01_01
B056.02,Mamu,MHC_B_HAPLOTYPES,B_056,B_056_07
B056.02,Mamu,MHC_B_HAPLOTYPES,B_056,B_056_08_01_01
B056.02,Mamu,MHC_B_HAPLOTYPES,B_066,B_066_01_01_01
B056.02,Mamu,MHC_B_HAPLOTYPES,B_066,B_066_01_01_02
B056.02,Mamu,MHC_B_HAPLOTYPES,B_066,B_066_02
B056.02,Mamu,MHC_B_HAPLOTYPES,B_066,B_066_03
B056.02,Mamu,MHC_B_HAPLOTYPES,B_068,B_068_01_02_01
B056.02,Mamu,MHC_B_HAPLOTYPES,B_068,B_068_01_03
B056.02,Mamu,MHC_B_HAPLOTYPES,B_068,B_068_02_01_01
B056.02,Mamu,MHC_B_HAPLOTYPES,B_068,B_068_02_01_02
B056.02,Mamu,MHC_B_HAPLOTYPES,B_068,B_068_02_01_03
B056.02,Mamu,MHC_B_HAPLOTYPES,B_068,B_068_02_01_04
B056.02,Mamu,MHC_B_HAPLOTYPES,B_068,B_068_02_01_05
B056.02,Mamu,MHC_B_HAPLOTYPES,B_068,B_068_02_02
B056.02,Mamu,MHC_B_HAPLOTYPES,B_068,B_068_05
B056.02,Mamu,MHC_B_HAPLOTYPES,B_068,B_068_03_01_01
B056.02,Mamu,MHC_B_HAPLOTYPES,B_068,B_068_03_01_02
B056.02,Mamu,MHC_B_HAPLOTYPES,B_068,B_068_03_02_01
B056.02,Mamu,MHC_B_HAPLOTYPES,B_068,B_068_03_02_02
B056.02,Mamu,MHC_B_HAPLOTYPES,B_068,B_068_06
B056.02,Mamu,MHC_B_HAPLOTYPES,B_068,B_068_01_01_01
B056.02,Mamu,MHC_B_HAPLOTYPES,B_068,B_068_01_01_02
B056.02,Mamu,MHC_B_HAPLOTYPES,B_068,B_068_01_01_03
B056.02,Mamu,MHC_B_HAPLOTYPES,B_068,B_068_04_01_01
B056.02,Mamu,MHC_B_HAPLOTYPES,B_068,B_068_07
B056.02,Mamu,MHC_B_HAPLOTYPES,B_068,B_068_08_01_01
B056.02,Mamu,MHC_B_HAPLOTYPES,B_068,B_068_09_01_01N
B056.02,Mamu,MHC_B_HAPLOTYPES,B_068,B_068_10_01_01N
B069.01,Mamu,MHC_B_HAPLOTYPES,B_069,B_069_02
B069.01,Mamu,MHC_B_HAPLOTYPES,B_069,B_069_04_01_01
B069.01,Mamu,MHC_B_HAPLOTYPES,B_069,B_069_05
B069.01,Mamu,MHC_B_HAPLOTYPES,B_069,B_069_06
B069.01,Mamu,MHC_B_HAPLOTYPES,B_069,B_069_07_01_01
B069.01,Mamu,MHC_B_HAPLOTYPES,B_069,B_069_08
B069.01,Mamu,MHC_B_HAPLOTYPES,B_069,B_069_01_01_01
B069.01,Mamu,MHC_B_HAPLOTYPES,B_069,B_069_01_01_02
B069.01,Mamu,MHC_B_HAPLOTYPES,B_069,B_069_09_01_01
B069.01,Mamu,MHC_B_HAPLOTYPES,B_069,B_069_09_01_02
B069.01,Mamu,MHC_B_HAPLOTYPES,B_069,B_069_03_01_01
B069.01,Mamu,MHC_B_HAPLOTYPES,B_069,B_069_03_01_02
B069.01,Mamu,MHC_B_HAPLOTYPES,B_069,B_069_10_01_01
B069.01,Mamu,MHC_B_HAPLOTYPES,B_065,B_065_02_01_01
B069.01,Mamu,MHC_B_HAPLOTYPES,B_065,B_065_02_01_02
B069.01,Mamu,MHC_B_HAPLOTYPES,B_065,B_065_03_03
B069.01,Mamu,MHC_B_HAPLOTYPES,B_065,B_065_03_04_01
B069.01,Mamu,MHC_B_HAPLOTYPES,B_065,B_065_04
B069.01,Mamu,MHC_B_HAPLOTYPES,B_065,B_065_06_01_01
B069.01,Mamu,MHC_B_HAPLOTYPES,B_065,B_065_07
B069.01,Mamu,MHC_B_HAPLOTYPES,B_065,B_065_08_01_01
B069.01,Mamu,MHC_B_HAPLOTYPES,B_065,B_065_01_01_01
B069.01,Mamu,MHC_B_HAPLOTYPES,B_065,B_065_05_01_01
B069.01,Mamu,MHC_B_HAPLOTYPES,B_065,B_065_09_01_01
B069.01,Mamu,MHC_B_HAPLOTYPES,B_065,B_065_03_01_01
B069.01,Mamu,MHC_B_HAPLOTYPES,B_065,B_065_03_01_02
B069.01,Mamu,MHC_B_HAPLOTYPES,B_065,B_065_03_01_03
B069.02,Mamu,MHC_B_HAPLOTYPES,B_069,B_069_02
B069.02,Mamu,MHC_B_HAPLOTYPES,B_069,B_069_04_01_01
B069.02,Mamu,MHC_B_HAPLOTYPES,B_069,B_069_05
B069.02,Mamu,MHC_B_HAPLOTYPES,B_069,B_069_06
B069.02,Mamu,MHC_B_HAPLOTYPES,B_069,B_069_07_01_01
B069.02,Mamu,MHC_B_HAPLOTYPES,B_069,B_069_08
B069.02,Mamu,MHC_B_HAPLOTYPES,B_069,B_069_01_01_01
B069.02,Mamu,MHC_B_HAPLOTYPES,B_069,B_069_01_01_02
B069.02,Mamu,MHC_B_HAPLOTYPES,B_069,B_069_09_01_01
B069.02,Mamu,MHC_B_HAPLOTYPES,B_069,B_069_09_01_02
B069.02,Mamu,MHC_B_HAPLOTYPES,B_069,B_069_03_01_01
B069.02,Mamu,MHC_B_HAPLOTYPES,B_069,B_069_03_01_02
B069.02,Mamu,MHC_B_HAPLOTYPES,B_069,B_069_10_01_01
B069.02,Mamu,MHC_B_HAPLOTYPES,B_068,B_068_01_02_01
B069.02,Mamu,MHC_B_HAPLOTYPES,B_068,B_068_01_03
B069.02,Mamu,MHC_B_HAPLOTYPES,B_068,B_068_02_01_01
B069.02,Mamu,MHC_B_HAPLOTYPES,B_068,B_068_02_01_02
B069.02,Mamu,MHC_B_HAPLOTYPES,B_068,B_068_02_01_03
B069.02,Mamu,MHC_B_HAPLOTYPES,B_068,B_068_02_01_04
B069.02,Mamu,MHC_B_HAPLOTYPES,B_068,B_068_02_01_05
B069.02,Mamu,MHC_B_HAPLOTYPES,B_068,B_068_02_02
B069.02,Mamu,MHC_B_HAPLOTYPES,B_068,B_068_05
B069.02,Mamu,MHC_B_HAPLOTYPES,B_068,B_068_03_01_01
B069.02,Mamu,MHC_B_HAPLOTYPES,B_068,B_068_03_01_02
B069.02,Mamu,MHC_B_HAPLOTYPES,B_068,B_068_03_02_01
B069.02,Mamu,MHC_B_HAPLOTYPES,B_068,B_068_03_02_02
B069.02,Mamu,MHC_B_HAPLOTYPES,B_068,B_068_06
B069.02,Mamu,MHC_B_HAPLOTYPES,B_068,B_068_01_01_01
B069.02,Mamu,MHC_B_HAPLOTYPES,B_068,B_068_01_01_02
B069.02,Mamu,MHC_B_HAPLOTYPES,B_068,B_068_01_01_03
B069.02,Mamu,MHC_B_HAPLOTYPES,B_068,B_068_04_01_01
B069.02,Mamu,MHC_B_HAPLOTYPES,B_068,B_068_07
B069.02,Mamu,MHC_B_HAPLOTYPES,B_068,B_068_08_01_01
B069.02,Mamu,MHC_B_HAPLOTYPES,B_068,B_068_09_01_01N
B069.02,Mamu,MHC_B_HAPLOTYPES,B_068,B_068_10_01_01N
B069.02,Mamu,MHC_B_HAPLOTYPES,B_075,B_075_01
B069.02,Mamu,MHC_B_HAPLOTYPES,B_075,B_075_02
B069.02,Mamu,MHC_B_HAPLOTYPES,B_075,B_075_03_01_01
B069.02,Mamu,MHC_B_HAPLOTYPES,B_075,B_075_04
B069.02,Mamu,MHC_B_HAPLOTYPES,B_075,B_075_05_01_01
B071.01,Mamu,MHC_B_HAPLOTYPES,B_047_B_071,B_047_02
B071.01,Mamu,MHC_B_HAPLOTYPES,B_047_B_071,B_047_04
B071.01,Mamu,MHC_B_HAPLOTYPES,B_047_B_071,B_071_01_01_01
B071.01,Mamu,MHC_B_HAPLOTYPES,B_047_B_071,B_071_02
B071.01,Mamu,MHC_B_HAPLOTYPES,B_006,B_006_01_01_01
B071.01,Mamu,MHC_B_HAPLOTYPES,B_006,B_006_01_01_02
B071.01,Mamu,MHC_B_HAPLOTYPES,B_006,B_006_02_01_01
B080.01,Mamu,MHC_B_HAPLOTYPES,B_080,B_080_01_01_01
B080.01,Mamu,MHC_B_HAPLOTYPES,B_080,B_080_01_01_02
B080.01,Mamu,MHC_B_HAPLOTYPES,B_080,B_080_01_01_03
B080.01,Mamu,MHC_B_HAPLOTYPES,B_081,B_081_01_01_01
B080.01,Mamu,MHC_B_HAPLOTYPES,B_081,B_081_02
B091.01,Mamu,MHC_B_HAPLOTYPES,B_091,B_091_01
B091.01,Mamu,MHC_B_HAPLOTYPES,B_091,B_091_02
B091.01,Mamu,MHC_B_HAPLOTYPES,B_091,B_091_03
B091.01,Mamu,MHC_B_HAPLOTYPES,B_091,B_091_04
B091.01,Mamu,MHC_B_HAPLOTYPES,B_091,B_091_05_01_01
B091.01,Mamu,MHC_B_HAPLOTYPES,B_091,B_091_06
B091.01,Mamu,MHC_B_HAPLOTYPES,B_068,B_068_01_02_01
B091.01,Mamu,MHC_B_HAPLOTYPES,B_068,B_068_01_03
B091.01,Mamu,MHC_B_HAPLOTYPES,B_068,B_068_02_01_01
B091.01,Mamu,MHC_B_HAPLOTYPES,B_068,B_068_02_01_02
B091.01,Mamu,MHC_B_HAPLOTYPES,B_068,B_068_02_01_03
B091.01,Mamu,MHC_B_HAPLOTYPES,B_068,B_068_02_01_04
B091.01,Mamu,MHC_B_HAPLOTYPES,B_068,B_068_02_01_05
B091.01,Mamu,MHC_B_HAPLOTYPES,B_068,B_068_02_02
B091.01,Mamu,MHC_B_HAPLOTYPES,B_068,B_068_05
B091.01,Mamu,MHC_B_HAPLOTYPES,B_068,B_068_03_01_01
B091.01,Mamu,MHC_B_HAPLOTYPES,B_068,B_068_03_01_02
B091.01,Mamu,MHC_B_HAPLOTYPES,B_068,B_068_03_02_01
B091.01,Mamu,MHC_B_HAPLOTYPES,B_068,B_068_03_02_02
B091.01,Mamu,MHC_B_HAPLOTYPES,B_068,B_068_06
B091.01,Mamu,MHC_B_HAPLOTYPES,B_068,B_068_01_01_01
B091.01,Mamu,MHC_B_HAPLOTYPES,B_068,B_068_01_01_02
B091.01,Mamu,MHC_B_HAPLOTYPES,B_068,B_068_01_01_03
B091.01,Mamu,MHC_B_HAPLOTYPES,B_068,B_068_04_01_01
B091.01,Mamu,MHC_B_HAPLOTYPES,B_068,B_068_07
B091.01,Mamu,MHC_B_HAPLOTYPES,B_068,B_068_08_01_01
B091.01,Mamu,MHC_B_HAPLOTYPES,B_068,B_068_09_01_01N
B091.01,Mamu,MHC_B_HAPLOTYPES,B_068,B_068_10_01_01N
B093.01,Mamu,MHC_B_HAPLOTYPES,B_093,B_093_01_01_01
B093.01,Mamu,MHC_B_HAPLOTYPES,B_093,B_093_02_01_01
B106.01,Mamu,MHC_B_HAPLOTYPES,B_106,B_106_01_01_01
B106.01,Mamu,MHC_B_HAPLOTYPES,B_106,B_106_02
B106.01,Mamu,MHC_B_HAPLOTYPES,B_106,B_106_03_01_01
B106.01,Mamu,MHC_B_HAPLOTYPES,B_033,B_033_01_01_01
DR01.01,Mamu,MHC_DRB_HAPLOTYPES,DRB1_04_06_01,DRB1_04_06_01
DR01.01,Mamu,MHC_DRB_HAPLOTYPES,DRB5_03_01,DRB5_03_01_01_01
DR01.03,Mamu,MHC_DRB_HAPLOTYPES,DRB1_04_11,DRB1_04_11
DR01.03,Mamu,MHC_DRB_HAPLOTYPES,DRB5_03_09,DRB5_03_09
DR01.04,Mamu,MHC_DRB_HAPLOTYPES,DRB1_04_06_01,DRB1_04_06_01
DR01.04,Mamu,MHC_DRB_HAPLOTYPES,DRB5_03_09,DRB5_03_09
DR02.01,Mamu,MHC_DRB_HAPLOTYPES,DRB3_04_03,DRB3_04_03
DR02.01,Mamu,MHC_DRB_HAPLOTYPES,DRB_W003_05,DRB_W003_05_01_01
DR03.01,Mamu,MHC_DRB_HAPLOTYPES,DRB1_03_03_01,DRB1_03_03_01_01
DR03.01,Mamu,MHC_DRB_HAPLOTYPES,DRB1_10_07,DRB1_10_07_01_01
DR03.02,Mamu,MHC_DRB_HAPLOTYPES,DRB1_03_12,DRB1_03_12_01_01
DR03.02,Mamu,MHC_DRB_HAPLOTYPES,DRB1_10_07,DRB1_10_07_01_01
DR03.03,Mamu,MHC_DRB_HAPLOTYPES,DRB1_03_17,DRB1_03_17
DR03.03,Mamu,MHC_DRB_HAPLOTYPES,DRB1_10_08,DRB1_10_08
DR03.04,Mamu,MHC_DRB_HAPLOTYPES,DRB1_03_18,DRB1_03_18
DR03.04,Mamu,MHC_DRB_HAPLOTYPES,DRB1_10_03,DRB1_10_03
DR03.05,Mamu,MHC_DRB_HAPLOTYPES,DRB1_03_06,DRB1_03_06_01_01
DR03.05,Mamu,MHC_DRB_HAPLOTYPES,DRB1_10_07,DRB1_10_07_01_01
DR03.06,Mamu,MHC_DRB_HAPLOTYPES,DRB1_03_06,DRB1_03_06_01_01
DR03.06,Mamu,MHC_DRB_HAPLOTYPES,DRB1_10_03,DRB1_10_03
DR03.07,Mamu,MHC_DRB_HAPLOTYPES,DRB1_03_19,DRB1_03_19
DR03.07,Mamu,MHC_DRB_HAPLOTYPES,DRB1_10_03,DRB1_10_03
DR03.08,Mamu,MHC_DRB_HAPLOTYPES,DRB1_03_03_01,DRB1_03_03_01_01
DR03.08,Mamu,MHC_DRB_HAPLOTYPES,DRB1_10_03,DRB1_10_03
DR03.09,Mamu,MHC_DRB_HAPLOTYPES,DRB1_03_20,DRB1_03_20
DR03.09,Mamu,MHC_DRB_HAPLOTYPES,DRB1_10_02_02,DRB1_10_02_02
DR04.01,Mamu,MHC_DRB_HAPLOTYPES,DRB1_03_09,DRB1_03_09_01_01
DR04.01,Mamu,MHC_DRB_HAPLOTYPES,DRB_W002_01,DRB_W002_01_01_01
DR04.02,Mamu,MHC_DRB_HAPLOTYPES,DRB1_03_18,DRB1_03_18
DR04.02,Mamu,MHC_DRB_HAPLOTYPES,DRB_W002_01,DRB_W002_01_01_01
DR04.03,Mamu,MHC_DRB_HAPLOTYPES,DRB1_03_09,DRB1_03_09_01_01
DR04.03,Mamu,MHC_DRB_HAPLOTYPES,DRB_W002_03,DRB_W002_03
DR05.01,Mamu,MHC_DRB_HAPLOTYPES,DRB1_04_03,DRB1_04_03
DR05.01,Mamu,MHC_DRB_HAPLOTYPES,DRB_W005_01,DRB_W005_01
DR05.02,Mamu,MHC_DRB_HAPLOTYPES,DRB1_04_03,DRB1_04_03
DR05.02,Mamu,MHC_DRB_HAPLOTYPES,DRB_W005_02,DRB_W005_02
DR06.01,Mamu,MHC_DRB_HAPLOTYPES,DRB_W003_03,DRB_W003_03_01
DR06.01,Mamu,MHC_DRB_HAPLOTYPES,DRB_W003_03,DRB_W003_03_02
DR06.01,Mamu,MHC_DRB_HAPLOTYPES,DRB_W004_01,DRB_W004_01
DR08.01,Mamu,MHC_DRB_HAPLOTYPES,DRB_W028_01,DRB_W028_01
DR08.01,Mamu,MHC_DRB_HAPLOTYPES,DRB3_04_09,DRB3_04_09
DR08.01,Mamu,MHC_DRB_HAPLOTYPES,DRB5_03_07,DRB5_03_07_01
DR08.01,Mamu,MHC_DRB_HAPLOTYPES,DRB5_03_07,DRB5_03_07_02
DR09.01,Mamu,MHC_DRB_HAPLOTYPES,DRB1_04_04,DRB1_04_04_01_01
DR09.01,Mamu,MHC_DRB_HAPLOTYPES,DRB_W007_02_01,DRB_W007_02_01
DR09.01,Mamu,MHC_DRB_HAPLOTYPES,DRB_W003_07,DRB_W003_07
DR09.02,Mamu,MHC_DRB_HAPLOTYPES,DRB1_04_08,DRB1_04_08
DR09.02,Mamu,MHC_DRB_HAPLOTYPES,DRB_W007_01,DRB_W007_01
DR10.01,Mamu,MHC_DRB_HAPLOTYPES,DRB1_07_01,DRB1_07_01
DR10.01,Mamu,MHC_DRB_HAPLOTYPES,DRB3_04_05,DRB3_04_05_01_01
DR10.01,Mamu,MHC_DRB_HAPLOTYPES,DRB5_03_03,DRB5_03_03
DR10.02,Mamu,MHC_DRB_HAPLOTYPES,DRB1_07_01,DRB1_07_01
DR10.02,Mamu,MHC_DRB_HAPLOTYPES,DRB3_04_05,DRB3_04_05_01_01
DR10.02,Mamu,MHC_DRB_HAPLOTYPES,DRB5_03_01,DRB5_03_01_01_01
DR11.01,Mamu,MHC_DRB_HAPLOTYPES,DRB_W025_01,DRB_W025_01
DR11.02,Mamu,MHC_DRB_HAPLOTYPES,DRB_W205_w_01,
DR11.03,Mamu,MHC_DRB_HAPLOTYPES,DRB_W025_05,DRB_W025_05_01
DR11.03,Mamu,MHC_DRB_HAPLOTYPES,DRB_W025_05,DRB_W025_05_02
DR11.03,Mamu,MHC_DRB_HAPLOTYPES,DRB1_07_04,DRB1_07_04
DR13.01,Mamu,MHC_DRB_HAPLOTYPES,DRB1_03_18,DRB1_03_18
DR13.01,Mamu,MHC_DRB_HAPLOTYPES,DRB_W006_03,DRB_W006_03_01_01
DR13.01,Mamu,MHC_DRB_HAPLOTYPES,DRB_W006_04,DRB_W006_04
DR13.02,Mamu,MHC_DRB_HAPLOTYPES,DRB1_03_18,DRB1_03_18
DR13.02,Mamu,MHC_DRB_HAPLOTYPES,DRB_W006_11,DRB_W006_11
DR13.02,Mamu,MHC_DRB_HAPLOTYPES,DRB_W006_04,DRB_W006_04
DR14.01,Mamu,MHC_DRB_HAPLOTYPES,DRB3_04_10,DRB3_04_10
DR14.01,Mamu,MHC_DRB_HAPLOTYPES,DRB_W004_02,DRB_W004_02_02
DR14.01,Mamu,MHC_DRB_HAPLOTYPES,DRB_W004_02,DRB_W004_02_01
DR14.01,Mamu,MHC_DRB_HAPLOTYPES,DRB_W027_01,DRB_W027_01
DR14.02,Mamu,MHC_DRB_HAPLOTYPES,DRB3_04_10,DRB3_04_10
DR14.02,Mamu,MHC_DRB_HAPLOTYPES,DRB_W004_02,DRB_W004_02_02
DR14.02,Mamu,MHC_DRB_HAPLOTYPES,DRB_W004_02,DRB_W004_02_01
DR14.02,Mamu,MHC_DRB_HAPLOTYPES,DRB_W027_02,DRB_W027_02
DR15.01/02,Mamu,MHC_DRB_HAPLOTYPES,DRB_W006_06,DRB_W006_06
DR15.01/02,Mamu,MHC_DRB_HAPLOTYPES,DRB_W021_04,DRB_W021_04
DR15.01/02,Mamu,MHC_DRB_HAPLOTYPES,DRB_W026g,DRB_W026_03
DR15.01/02,Mamu,MHC_DRB_HAPLOTYPES,DRB_W026g,DRB_W026_04
DR15.03,Mamu,MHC_DRB_HAPLOTYPES,DRB_W006_06,DRB_W006_06
DR15.03,Mamu,MHC_DRB_HAPLOTYPES,DRB_W021_04,DRB_W021_04
DR15.03,Mamu,MHC_DRB_HAPLOTYPES,DRB_W002_01,DRB_W002_01_01_01
DR16.01,Mamu,MHC_DRB_HAPLOTYPES,DRB1_03_10,DRB1_03_10
DR16.01,Mamu,MHC_DRB_HAPLOTYPES,DRB_W001_01,DRB_W001_01
DR16.01,Mamu,MHC_DRB_HAPLOTYPES,DRB_W006_02,DRB_W006_02
DR16.01,Mamu,MHC_DRB_HAPLOTYPES,DRB_W006_09_01,DRB_W006_09_01
DR18.01,Mamu,MHC_DRB_HAPLOTYPES,DRB4_01_02,DRB4_01_02
DR18.01,Mamu,MHC_DRB_HAPLOTYPES,DRB5_03_06,DRB5_03_06
DR28.01,Mamu,MHC_DRB_HAPLOTYPES,DRB1_07g,DRB1_07_03_02
DR28.01,Mamu,MHC_DRB_HAPLOTYPES,DRB1_07g,DRB1_07_05
DR28.01,Mamu,MHC_DRB_HAPLOTYPES,DRB4_01_04,DRB4_01_04
DR28.01,Mamu,MHC_DRB_HAPLOTYPES,DRB_W102_01,DRB_W102_01
DR29.01,Mamu,MHC_DRB_HAPLOTYPES,DRB1_10_11,DRB1_10_11
DR29.01,Mamu,MHC_DRB_HAPLOTYPES,DRB_W001_05,DRB_W001_05_01
DR29.01,Mamu,MHC_DRB_HAPLOTYPES,DRB_W001_05,DRB_W001_05_02
DR30.01,Mamu,MHC_DRB_HAPLOTYPES,DRB1_07_05,DRB1_07_05
DR30.01,Mamu,MHC_DRB_HAPLOTYPES,DRB_W002_03,DRB_W002_03
01_02,Mamu,MHC_DQA_HAPLOTYPES,DQA1_01_02,DQA1_01_02
01_07,Mamu,MHC_DQA_HAPLOTYPES,DQA1_01_07,DQA1_01_07
01_09,Mamu,MHC_DQA_HAPLOTYPES,DQA1_01_09,DQA1_01_09
01g1,Mamu,MHC_DQA_HAPLOTYPES,DQA1_01g1,DQA1_01_04_01
01g1,Mamu,MHC_DQA_HAPLOTYPES,DQA1_01g1,DQA1_01_04_02
01g2,Mamu,MHC_DQA_HAPLOTYPES,DQA1_01g2,DQA1_01_05_01
01g2,Mamu,MHC_DQA_HAPLOTYPES,DQA1_01g2,DQA1_01_05_03
01g3,Mamu,MHC_DQA_HAPLOTYPES,DQA1_01g3,DQA1_01_06
01g3,Mamu,MHC_DQA_HAPLOTYPES,DQA1_01g3,DQA1_01_11
01g4,Mamu,MHC_DQA_HAPLOTYPES,DQA1_01g4,DQA1_01_08
01g4,Mamu,MHC_DQA_HAPLOTYPES,DQA1_01g4,DQA1_01_10
05_01,Mamu,MHC_DQA_HAPLOTYPES,DQA1_05_01,DQA1_05_01
05_02,Mamu,MHC_DQA_HAPLOTYPES,DQA1_05_02,DQA1_05_02
05_03,Mamu,MHC_DQA_HAPLOTYPES,DQA1_05_03,DQA1_05_03
05_04,Mamu,MHC_DQA_HAPLOTYPES,DQA1_05_04,DQA1_05_04
05_05,Mamu,MHC_DQA_HAPLOTYPES,DQA1_05_05,DQA1_05_05
05_06,Mamu,MHC_DQA_HAPLOTYPES,DQA1_05_06,DQA1_05_06
05_07,Mamu,MHC_DQA_HAPLOTYPES,DQA1_05_07,DQA1_05_07
23_01,Mamu,MHC_DQA_HAPLOTYPES,DQA1_23_01,DQA1_23_01
23_02,Mamu,MHC_DQA_HAPLOTYPES,DQA1_23_02,DQA1_23_02
23_03,Mamu,MHC_DQA_HAPLOTYPES,DQA1_23_03,DQA1_23_03
24_02,Mamu,MHC_DQA_HAPLOTYPES,DQA1_24_02,DQA1_24_02
24_04,Mamu,MHC_DQA_HAPLOTYPES,DQA1_24_04,DQA1_24_04
24_08,Mamu,MHC_DQA_HAPLOTYPES,DQA1_24_08,DQA1_24_08
24g1,Mamu,MHC_DQA_HAPLOTYPES,DQA1_24g1,DQA1_24_01_01
24g1,Mamu,MHC_DQA_HAPLOTYPES,DQA1_24g1,DQA1_24_01_02
24g1,Mamu,MHC_DQA_HAPLOTYPES,DQA1_24g1,DQA1_24_09
24g2,Mamu,MHC_DQA_HAPLOTYPES,DQA1_24g2,DQA1_24_05
24g2,Mamu,MHC_DQA_HAPLOTYPES,DQA1_24g2,DQA1_24_06
26_01,Mamu,MHC_DQA_HAPLOTYPES,DQA1_26_01,DQA1_26_01
26g1,Mamu,MHC_DQA_HAPLOTYPES,DQA1_26g1,DQA1_26_03
26g1,Mamu,MHC_DQA_HAPLOTYPES,DQA1_26g1,DQA1_26_07
26g1,Mamu,MHC_DQA_HAPLOTYPES,DQA1_26g1,DQA1_26_08_01
26g1,Mamu,MHC_DQA_HAPLOTYPES,DQA1_26g1,DQA1_26_10
26g1,Mamu,MHC_DQA_HAPLOTYPES,DQA1_26g1,DQA1_26_11
26g2,Mamu,MHC_DQA_HAPLOTYPES,DQA1_26g2,DQA1_26_02_01
26g2,Mamu,MHC_DQA_HAPLOTYPES,DQA1_26g2,DQA1_26_02_02
26g2,Mamu,MHC_DQA_HAPLOTYPES,DQA1_26g2,DQA1_26_06
26g2,Mamu,MHC_DQA_HAPLOTYPES,DQA1_26g2,DQA1_26_09
06_01,Mamu,MHC_DQB_HAPLOTYPES,DQB1_06_01,DQB1_06_01
06_07,Mamu,MHC_DQB_HAPLOTYPES,DQB1_06_07,DQB1_06_07
06_08,Mamu,MHC_DQB_HAPLOTYPES,DQB1_06_08,DQB1_06_08
06_09,Mamu,MHC_DQB_HAPLOTYPES,DQB1_06_09,DQB1_06_09
06_10,Mamu,MHC_DQB_HAPLOTYPES,DQB1_06_10,DQB1_06_10
06_13_01,Mamu,MHC_DQB_HAPLOTYPES,DQB1_06_13_01,DQB1_06_13_01
06g1,Mamu,MHC_DQB_HAPLOTYPES,DQB1_06g1,DQB1_06_02_01
06g1,Mamu,MHC_DQB_HAPLOTYPES,DQB1_06g1,DQB1_06_02_02
06g1,Mamu,MHC_DQB_HAPLOTYPES,DQB1_06g1,DQB1_06_14
06g1,Mamu,MHC_DQB_HAPLOTYPES,DQB1_06g1,DQB1_06_24
06g1,Mamu,MHC_DQB_HAPLOTYPES,DQB1_06g1,DQB1_06_25
06g2,Mamu,MHC_DQB_HAPLOTYPES,DQB1_06g2,DQB1_06_05
06g2,Mamu,MHC_DQB_HAPLOTYPES,DQB1_06g2,DQB1_06_18
06g3,Mamu,MHC_DQB_HAPLOTYPES,DQB1_06g3,DQB1_06_06_01
06g3,Mamu,MHC_DQB_HAPLOTYPES,DQB1_06g3,DQB1_06_06_02
06g4,Mamu,MHC_DQB_HAPLOTYPES,DQB1_06g4,DQB1_06_11_01
06g4,Mamu,MHC_DQB_HAPLOTYPES,DQB1_06g4,DQB1_06_23
15_02,Mamu,MHC_DQB_HAPLOTYPES,DQB1_15_02,DQB1_15_02
15g1,Mamu,MHC_DQB_HAPLOTYPES,DQB1_15g1,DQB1_15_01_01
15g1,Mamu,MHC_DQB_HAPLOTYPES,DQB1_15g1,DQB1_15_01_02
15g1,Mamu,MHC_DQB_HAPLOTYPES,DQB1_15g1,DQB1_15_03
15g2,Mamu,MHC_DQB_HAPLOTYPES,DQB1_15g2,DQB1_15_04
15g2,Mamu,MHC_DQB_HAPLOTYPES,DQB1_15g2,DQB1_15_06
16_01,Mamu,MHC_DQB_HAPLOTYPES,DQB1_16_01,DQB1_16_01
16_03,Mamu,MHC_DQB_HAPLOTYPES,DQB1_16_03,DQB1_16_03
17_03,Mamu,MHC_DQB_HAPLOTYPES,DQB1_17_03,DQB1_17_03
17g1,Mamu,MHC_DQB_HAPLOTYPES,DQB1_17g1,
17g2,Mamu,MHC_DQB_HAPLOTYPES,DQB1_17g2,DQB1_17_07
17g2,Mamu,MHC_DQB_HAPLOTYPES,DQB1_17g2,DQB1_17_13
17g2,Mamu,MHC_DQB_HAPLOTYPES,DQB1_17g2,DQB1_17_14
17g3,Mamu,MHC_DQB_HAPLOTYPES,DQB1_17g3,
18_08,Mamu,MHC_DQB_HAPLOTYPES,DQB1_18_08,
18_10,Mamu,MHC_DQB_HAPLOTYPES,DQB1_18_10,DQB1_18_10
18_12,Mamu,MHC_DQB_HAPLOTYPES,DQB1_18_12,DQB1_18_12
18_17,Mamu,MHC_DQB_HAPLOTYPES,DQB1_18_17,
18_20,Mamu,MHC_DQB_HAPLOTYPES,DQB1_18_20,DQB1_18_20
18_24,Mamu,MHC_DQB_HAPLOTYPES,DQB1_18_24,DQB1_18_24
18g3,Mamu,MHC_DQB_HAPLOTYPES,DQB1_18g3,DQB1_18_01
18g3,Mamu,MHC_DQB_HAPLOTYPES,DQB1_18g3,DQB1_18_25
18g4,Mamu,MHC_DQB_HAPLOTYPES,DQB1_18g4,DQB1_18_02
18g4,Mamu,MHC_DQB_HAPLOTYPES,DQB1_18g4,DQB1_18_27
18g5,Mamu,MHC_DQB_HAPLOTYPES,DQB1_18g5,DQB1_18_03
18g5,Mamu,MHC_DQB_HAPLOTYPES,DQB1_18g5,DQB1_18_04
24_01,Mamu,MHC_DQB_HAPLOTYPES,DQB1_24_01,DQB1_24_01
27g,Mamu,MHC_DQB_HAPLOTYPES,DQB1_27g,DQB1_27_01
27g,Mamu,MHC_DQB_HAPLOTYPES,DQB1_27g,DQB1_27_02
27g,Mamu,MHC_DQB_HAPLOTYPES,DQB1_27g,DQB1_27_06
02_03,Mamu,MHC_DPA_HAPLOTYPES,DPA1_02_03,DPA1_02_03
02_08,Mamu,MHC_DPA_HAPLOTYPES,DPA1_02_08,DPA1_02_08
02_13,Mamu,MHC_DPA_HAPLOTYPES,DPA1_02_13,DPA1_02_13
02_14,Mamu,MHC_DPA_HAPLOTYPES,DPA1_02_14,DPA1_02_14
02_15,Mamu,MHC_DPA_HAPLOTYPES,DPA1_02_15,DPA1_02_15
02_16,Mamu,MHC_DPA_HAPLOTYPES,DPA1_02_16,DPA1_02_16
02_20,Mamu,MHC_DPA_HAPLOTYPES,DPA1_02_20,DPA1_02_20
02g1,Mamu,MHC_DPA_HAPLOTYPES,DPA1_02g1,DPA1_02_01
02g1,Mamu,MHC_DPA_HAPLOTYPES,DPA1_02g1,DPA1_02_04
02g1,Mamu,MHC_DPA_HAPLOTYPES,DPA1_02g1,DPA1_02_05
02g1,Mamu,MHC_DPA_HAPLOTYPES,DPA1_02g1,DPA1_02_06
02g1,Mamu,MHC_DPA_HAPLOTYPES,DPA1_02g1,DPA1_02_07_01
02g1,Mamu,MHC_DPA_HAPLOTYPES,DPA1_02g1,DPA1_02_07_02
02g1,Mamu,MHC_DPA_HAPLOTYPES,DPA1_02g1,DPA1_02_09
02g1,Mamu,MHC_DPA_HAPLOTYPES,DPA1_02g1,DPA1_02_12
02g1,Mamu,MHC_DPA_HAPLOTYPES,DPA1_02g1,DPA1_02_18
02g2,Mamu,MHC_DPA_HAPLOTYPES,DPA1_02g2,DPA1_02_10
02g2,Mamu,MHC_DPA_HAPLOTYPES,DPA1_02g2,DPA1_02_19
02g2,Mamu,MHC_DPA_HAPLOTYPES,DPA1_02g2,DPA1_02_21
02g3,Mamu,MHC_DPA_HAPLOTYPES,DPA1_02g3,DPA1_02_02_01
02g3,Mamu,MHC_DPA_HAPLOTYPES,DPA1_02g3,DPA1_02_02_02
02g4,Mamu,MHC_DPA_HAPLOTYPES,DPA1_02g4,DPA1_02_11
02g4,Mamu,MHC_DPA_HAPLOTYPES,DPA1_02g4,DPA1_02_17
04_01,Mamu,MHC_DPA_HAPLOTYPES,DPA1_04_01,DPA1_04_01
04_04,Mamu,MHC_DPA_HAPLOTYPES,DPA1_04_04,DPA1_04_04
04g,Mamu,MHC_DPA_HAPLOTYPES,DPA1_04g,DPA1_04_03_01
04g,Mamu,MHC_DPA_HAPLOTYPES,DPA1_04g,DPA1_04_03_02
04g,Mamu,MHC_DPA_HAPLOTYPES,DPA1_04g,DPA1_04_05
06g,Mamu,MHC_DPA_HAPLOTYPES,DPA1_06g,DPA1_06_01_01
06g,Mamu,MHC_DPA_HAPLOTYPES,DPA1_06g,DPA1_06_01_02
06g,Mamu,MHC_DPA_HAPLOTYPES,DPA1_06g,DPA1_06_02
06g,Mamu,MHC_DPA_HAPLOTYPES,DPA1_06g,DPA1_06_03
07_01,Mamu,MHC_DPA_HAPLOTYPES,DPA1_07_01,DPA1_07_01
07_04,Mamu,MHC_DPA_HAPLOTYPES,DPA1_07_04,DPA1_07_04
07_09,Mamu,MHC_DPA_HAPLOTYPES,DPA1_07_09,DPA1_07_09
07g1,Mamu,MHC_DPA_HAPLOTYPES,DPA1_07g1,DPA1_07_05
07g1,Mamu,MHC_DPA_HAPLOTYPES,DPA1_07g1,DPA1_07_07
07g1,Mamu,MHC_DPA_HAPLOTYPES,DPA1_07g1,DPA1_07_08
07g2,Mamu,MHC_DPA_HAPLOTYPES,DPA1_07g2,DPA1_07_02
07g2,Mamu,MHC_DPA_HAPLOTYPES,DPA1_07g2,DPA1_07_06
07g3,Mamu,MHC_DPA_HAPLOTYPES,DPA1_07g3,DPA1_07_03
07g3,Mamu,MHC_DPA_HAPLOTYPES,DPA1_07g3,DPA1_07_10
08g,Mamu,MHC_DPA_HAPLOTYPES,DPA1_08g,DPA1_08_01
08g,Mamu,MHC_DPA_HAPLOTYPES,DPA1_08g,DPA1_08_02
08g,Mamu,MHC_DPA_HAPLOTYPES,DPA1_08g,DPA1_08_03
09_01,Mamu,MHC_DPA_HAPLOTYPES,DPA1_09_01,DPA1_09_01
10_01,Mamu,MHC_DPA_HAPLOTYPES,DPA1_10_01,DPA1_10_01
11_01,Mamu,MHC_DPA_HAPLOTYPES,DPA1_11_01,DPA1_11_01
01g1,Mamu,MHC_DPB_HAPLOTYPES,DPB1_01g1,DPB1_01_01
01g1,Mamu,MHC_DPB_HAPLOTYPES,DPB1_01g1,DPB1_01_06
01g1,Mamu,MHC_DPB_HAPLOTYPES,DPB1_01g1,DPB1_01_17
01g2,Mamu,MHC_DPB_HAPLOTYPES,DPB1_01g2,DPB1_01_09
01g2,Mamu,MHC_DPB_HAPLOTYPES,DPB1_01g2,DPB1_01_15
01g3,Mamu,MHC_DPB_HAPLOTYPES,DPB1_01g3,DPB1_01_10
01g3,Mamu,MHC_DPB_HAPLOTYPES,DPB1_01g3,DPB1_01_16
01g4,Mamu,MHC_DPB_HAPLOTYPES,DPB1_01g4,DPB1_01_11
01g4,Mamu,MHC_DPB_HAPLOTYPES,DPB1_01g4,DPB1_01_14
05_01,Mamu,MHC_DPB_HAPLOTYPES,DPB1_05_01,DPB1_05_01
05_02,Mamu,MHC_DPB_HAPLOTYPES,DPB1_05_02,DPB1_05_02
23_01,Mamu,MHC_DPB_HAPLOTYPES,DPB1_23_01,DPB1_23_01
23_02,Mamu,MHC_DPB_HAPLOTYPES,DPB1_23_02,DPB1_23_02
16_01,Mamu,MHC_DPB_HAPLOTYPES,DPB1_16_01,DPB1_16_01
24_01,Mamu,MHC_DPB_HAPLOTYPES,DPB1_24_01,DPB1_24_01
04_01,Mamu,MHC_DPB_HAPLOTYPES,DPB1_04_01,DPB1_04_01
06g,Mamu,MHC_DPB_HAPLOTYPES,DPB1_06g,DPB1_06_02
06g,Mamu,MHC_DPB_HAPLOTYPES,DPB1_06g,DPB1_06_06
06g,Mamu,MHC_DPB_HAPLOTYPES,DPB1_06g,DPB1_06_07
07g1,Mamu,MHC_DPB_HAPLOTYPES,DPB1_07g1,DPB1_07_01
07g1,Mamu,MHC_DPB_HAPLOTYPES,DPB1_07g1,DPB1_07_07
07g2,Mamu,MHC_DPB_HAPLOTYPES,DPB1_07g2,DPB1_07_02_01
07g2,Mamu,MHC_DPB_HAPLOTYPES,DPB1_07g2,DPB1_07_02_02
01g5,Mamu,MHC_DPB_HAPLOTYPES,DPB1_01g5,DPB1_01_12
01g5,Mamu,MHC_DPB_HAPLOTYPES,DPB1_01g5,DPB1_01_13
02_02,Mamu,MHC_DPB_HAPLOTYPES,DPB1_02_02,DPB1_02_02
02g,Mamu,MHC_DPB_HAPLOTYPES,DPB1_02g,DPB1_02_01
02g,Mamu,MHC_DPB_HAPLOTYPES,DPB1_02g,DPB1_02_04_01
02g,Mamu,MHC_DPB_HAPLOTYPES,DPB1_02g,DPB1_02_04_02
03g,Mamu,MHC_DPB_HAPLOTYPES,DPB1_03g,DPB1_03_01
03g,Mamu,MHC_DPB_HAPLOTYPES,DPB1_03g,DPB1_03_02
06_04,Mamu,MHC_DPB_HAPLOTYPES,DPB1_06_04,DPB1_06_04
08_01,Mamu,MHC_DPB_HAPLOTYPES,DPB1_08_01,DPB1_08_01
08_02,Mamu,MHC_DPB_HAPLOTYPES,DPB1_08_02,DPB1_08_02
15_03,Mamu,MHC_DPB_HAPLOTYPES,DPB1_15_03,DPB1_15_03
15g,Mamu,MHC_DPB_HAPLOTYPES,DPB1_15g,DPB1_15_01
15g,Mamu,MHC_DPB_HAPLOTYPES,DPB1_15g,DPB1_15_02
17_01,Mamu,MHC_DPB_HAPLOTYPES,DPB1_17_01,DPB1_17_01
18_01,Mamu,MHC_DPB_HAPLOTYPES,DPB1_18_01,DPB1_18_01
19_02,Mamu,MHC_DPB_HAPLOTYPES,DPB1_19_02,DPB1_19_02
19_06,Mamu,MHC_DPB_HAPLOTYPES,DPB1_19_06,DPB1_19_06
19g1,Mamu,MHC_DPB_HAPLOTYPES,DPB1_19g1,DPB1_19_01_01
19g1,Mamu,MHC_DPB_HAPLOTYPES,DPB1_19g1,DPB1_19_01_02
19g1,Mamu,MHC_DPB_HAPLOTYPES,DPB1_19g1,DPB1_19_03
19g2,Mamu,MHC_DPB_HAPLOTYPES,DPB1_19g2,DPB1_19_04
19g2,Mamu,MHC_DPB_HAPLOTYPES,DPB1_19g2,DPB1_19_05
21_01,Mamu,MHC_DPB_HAPLOTYPES,DPB1_21_01,DPB1_21_01
21_02,Mamu,MHC_DPB_HAPLOTYPES,DPB1_21_02,DPB1_21_02
21_03,Mamu,MHC_DPB_HAPLOTYPES,DPB1_21_03,DPB1_21_03
